date,close
2011-06-01,1540.2
2011-06-02,1531.9
2011-06-03,1540.5
2011-06-06,1542
2011-06-07,1543.75
2011-06-08,1535.55
2011-06-09,1542.35
2011-06-10,1529.9
2011-06-13,1514.73
2011-06-14,1522.1
2011-06-15,1530.2
2011-06-16,1528.35
2011-06-17,1539
2011-06-20,1539.95
2011-06-21,1545.7
2011-06-22,1545.8
2011-06-23,1518.85
2011-06-24,1500.15
2011-06-27,1495
2011-06-28,1500.5
2011-06-29,1511.55
2011-06-30,1499.6
2011-07-01,1484.5
2011-07-04,1495.54
2011-07-05,1515.7
2011-07-06,1527.5
2011-07-07,1530.55
2011-07-08,1542.25
2011-07-11,1553.6
2011-07-12,1565.2
2011-07-13,1581.75
2011-07-14,1586.75
2011-07-15,1592.1
2011-07-18,1603.4
2011-07-19,1587.85
2011-07-20,1600.1
2011-07-21,1587.9
2011-07-22,1597.25
2011-07-25,1614.05
2011-07-26,1618.8
2011-07-27,1613
2011-07-28,1616.35
2011-07-29,1626.14
2011-08-01,1618.1
2011-08-02,1659.25
2011-08-03,1660.7
2011-08-04,1647.9
2011-08-05,1664.5
2011-08-08,1716.85
2011-08-09,1743.4
2011-08-10,1794.5
2011-08-11,1765.9
2011-08-12,1745.99
2011-08-15,1765
2011-08-16,1785
2011-08-17,1788.15
2011-08-18,1823.85
2011-08-19,1851.95
2011-08-22,1897.1
2011-08-23,1829.65
2011-08-24,1750.55
2011-08-25,1770.59
2011-08-26,1828.05
2011-08-29,1787.1
2011-08-30,1834.44
2011-08-31,1823.3
2011-09-01,1824.55
2011-09-02,1883.7
2011-09-05,1898.99
2011-09-06,1872.9
2011-09-07,1816.46
2011-09-08,1868.26
2011-09-09,1857.31
2011-09-12,1813.25
2011-09-13,1833.3
2011-09-14,1819.2
2011-09-15,1788.64
2011-09-16,1810.84
2011-09-19,1777.64
2011-09-20,1803.25
2011-09-21,1781.29
2011-09-22,1735.33
2011-09-23,1655.29
2011-09-26,1626.85
2011-09-27,1649.45
2011-09-28,1607.94
2011-09-29,1614.05
2011-09-30,1623.25
2011-10-03,1660.09
2011-10-04,1623.44
2011-10-05,1640.4
2011-10-06,1649.68
2011-10-07,1638.59
2011-10-10,1674.94
2011-10-11,1662.24
2011-10-12,1676.7
2011-10-13,1666.2
2011-10-14,1679.09
2011-10-17,1669.15
2011-10-18,1654.29
2011-10-19,1641.3
2011-10-20,1618.6
2011-10-21,1640.52
2011-10-24,1652.18
2011-10-25,1703.35
2011-10-26,1723.75
2011-10-27,1743.95
2011-10-28,1742.09
2011-10-31,1713.25
2011-11-01,1718.3
2011-11-02,1735
2011-11-03,1762.65
2011-11-04,1753.29
2011-11-07,1795.25
2011-11-08,1784.5
2011-11-09,1771.49
2011-11-10,1758.34
2011-11-11,1788.49
2011-11-14,1780.5
2011-11-15,1780.9
2011-11-16,1761.49
2011-11-17,1718.69
2011-11-18,1722.35
2011-11-21,1680.19
2011-11-22,1698.69
2011-11-23,1692.44
2011-11-24,1694.25
2011-11-25,1679.63
2011-11-28,1711.7
2011-11-29,1715.89
2011-11-30,1745.1
2011-12-01,1744.39
2011-12-02,1744.39
2011-12-05,1720.69
2011-12-06,1727.34
2011-12-07,1741.24
2011-12-08,1708.19
2011-12-09,1710.39
2011-12-12,1665.44
2011-12-13,1631.49
2011-12-14,1574.3
2011-12-15,1569.99
2011-12-16,1597.49
2011-12-19,1593.5
2011-12-20,1614.79
2011-12-21,1614.29
2011-12-22,1603.84
2011-12-23,1605.74
2011-12-26,1604.96
2011-12-27,1592.04
2011-12-28,1552.14
2011-12-29,1545.99
2011-12-30,1563.8
2012-01-02,1565.41
2012-01-03,1603.69
2012-01-04,1611.54
2012-01-05,1622.5
2012-01-06,1616.39
2012-01-09,1611
2012-01-10,1630.88
2012-01-11,1641.3
2012-01-12,1649.69
2012-01-13,1638.49
2012-01-16,1642.9
2012-01-17,1651.29
2012-01-18,1660.75
2012-01-19,1657.2
2012-01-20,1666.4
2012-01-23,1676.5
2012-01-24,1664.7
2012-01-25,1711.4
2012-01-26,1720.64
2012-01-27,1738.39
2012-01-30,1729.55
2012-01-31,1739.03
2012-02-01,1742.74
2012-02-02,1759.39
2012-02-03,1724.44
2012-02-06,1719.8
2012-02-07,1746
2012-02-08,1732.99
2012-02-09,1729.1
2012-02-10,1719.39
2012-02-13,1721.89
2012-02-14,1719.6
2012-02-15,1728.59
2012-02-16,1728.3
2012-02-17,1721.89
2012-02-20,1733.5
2012-02-21,1758.75
2012-02-22,1777.15
2012-02-23,1779.6
2012-02-24,1772.89
2012-02-27,1765.82
2012-02-28,1785.29
2012-02-29,1694.7
2012-03-01,1715.94
2012-03-02,1711.89
2012-03-05,1706.3
2012-03-06,1673.6
2012-03-07,1684.34
2012-03-08,1700.25
2012-03-09,1712.59
2012-03-12,1700.03
2012-03-13,1674.89
2012-03-14,1642.1
2012-03-15,1657.73
2012-03-16,1660.04
2012-03-19,1662.55
2012-03-20,1648.35
2012-03-21,1649.89
2012-03-22,1642.85
2012-03-23,1661.73
2012-03-26,1689.37
2012-03-27,1679.44
2012-03-28,1661.57
2012-03-29,1660.88
2012-03-30,1668.29
2012-04-02,1677.25
2012-04-03,1644.83
2012-04-04,1619.73
2012-04-05,1630.64
2012-04-06,1637.99
2012-04-09,1640.78
2012-04-10,1659.85
2012-04-11,1657.45
2012-04-12,1674.98
2012-04-13,1658.39
2012-04-16,1651.6
2012-04-17,1649.29
2012-04-18,1640.07
2012-04-19,1641.6
2012-04-20,1642.09
2012-04-23,1636.7
2012-04-24,1640.39
2012-04-25,1644.13
2012-04-26,1654.9
2012-04-27,1661.44
2012-04-30,1663.88
2012-05-01,1660.1
2012-05-02,1652.89
2012-05-03,1635.29
2012-05-04,1642.42
2012-05-07,1637.15
2012-05-08,1604.39
2012-05-09,1588.86
2012-05-10,1593.26
2012-05-11,1579.44
2012-05-14,1556.35
2012-05-15,1543.95
2012-05-16,1538.05
2012-05-17,1572
2012-05-18,1591.8
2012-05-21,1590.65
2012-05-22,1566.95
2012-05-23,1560
2012-05-24,1557
2012-05-25,1572.84
2012-05-28,1572.83
2012-05-29,1555.25
2012-05-30,1561.84
2012-05-31,1558.7
2012-06-01,1625.64
2012-06-04,1616.4
2012-06-05,1616.49
2012-06-06,1619.79
2012-06-07,1588.39
2012-06-08,1593.84
2012-06-11,1596.05
2012-06-12,1609.44
2012-06-13,1617.74
2012-06-14,1622.92
2012-06-15,1626.26
2012-06-18,1627.79
2012-06-19,1617.46
2012-06-20,1605.29
2012-06-21,1564.69
2012-06-22,1571.54
2012-06-25,1583.99
2012-06-26,1571.54
2012-06-27,1573.69
2012-06-28,1551.29
2012-06-29,1598.2
2012-07-02,1595.74
2012-07-03,1614.65
2012-07-04,1615.13
2012-07-05,1602.75
2012-07-06,1582.29
2012-07-09,1586.65
2012-07-10,1564.5
2012-07-11,1576.29
2012-07-12,1571.79
2012-07-13,1588.44
2012-07-16,1588.85
2012-07-17,1581.25
2012-07-18,1572.3
2012-07-19,1580.55
2012-07-20,1582.73
2012-07-23,1575.4
2012-07-24,1579.94
2012-07-25,1603.88
2012-07-26,1615.59
2012-07-27,1622.78
2012-07-30,1620.49
2012-07-31,1613.29
2012-08-01,1598.59
2012-08-02,1589.74
2012-08-03,1603.8
2012-08-06,1610.39
2012-08-07,1610.68
2012-08-08,1611.29
2012-08-09,1617.09
2012-08-10,1619.55
2012-08-13,1609.54
2012-08-14,1598.04
2012-08-15,1602.88
2012-08-16,1614.3
2012-08-17,1615.3
2012-08-20,1620.09
2012-08-21,1637.89
2012-08-22,1653.39
2012-08-23,1670.04
2012-08-24,1669.85
2012-08-27,1663.6
2012-08-28,1666.53
2012-08-29,1655.94
2012-08-30,1655.54
2012-08-31,1690.54
2012-09-03,1691.79
2012-09-04,1694.4
2012-09-05,1693.04
2012-09-06,1701.04
2012-09-07,1736
2012-09-10,1725.19
2012-09-11,1731.64
2012-09-12,1731
2012-09-13,1766.29
2012-09-14,1771.98
2012-09-17,1760.95
2012-09-18,1770.34
2012-09-19,1769.19
2012-09-20,1766.09
2012-09-21,1772.44
2012-09-24,1763.65
2012-09-25,1760.04
2012-09-26,1751.59
2012-09-27,1777.29
2012-09-28,1770.69
2012-10-01,1773.79
2012-10-02,1777.39
2012-10-03,1778.54
2012-10-04,1788.55
2012-10-05,1780.48
2012-10-08,1774.29
2012-10-09,1763.54
2012-10-10,1761.94
2012-10-11,1768.19
2012-10-12,1753.75
2012-10-15,1735.49
2012-10-16,1747.19
2012-10-17,1749.69
2012-10-18,1741.09
2012-10-19,1720.4
2012-10-22,1728.84
2012-10-23,1708.09
2012-10-24,1701.93
2012-10-25,1711.19
2012-10-26,1710.74
2012-10-29,1709.24
2012-10-30,1708.88
2012-10-31,1720.05
2012-11-01,1714.09
2012-11-02,1677.35
2012-11-05,1683.99
2012-11-06,1715.34
2012-11-07,1716.31
2012-11-08,1729.99
2012-11-09,1730.86
2012-11-12,1727.74
2012-11-13,1724.89
2012-11-14,1726.05
2012-11-15,1715.19
2012-11-16,1713.09
2012-11-19,1731.5
2012-11-20,1728.04
2012-11-21,1728.53
2012-11-22,1729.05
2012-11-23,1752.5
2012-11-26,1748.49
2012-11-27,1741.65
2012-11-28,1719.31
2012-11-29,1724.79
2012-11-30,1714.4
2012-12-03,1714.85
2012-12-04,1696.74
2012-12-05,1693.41
2012-12-06,1698.62
2012-12-07,1703.04
2012-12-10,1709.85
2012-12-11,1709.7
2012-12-12,1711.55
2012-12-13,1696.69
2012-12-14,1695.03
2012-12-17,1697.42
2012-12-18,1669.54
2012-12-19,1666.56
2012-12-20,1647.14
2012-12-21,1656.61
2012-12-24,1656.99
2012-12-25,1658.29
2012-12-26,1659.76
2012-12-27,1663.29
2012-12-28,1654.9
2012-12-31,1674.34
2013-01-01,1674.54
2013-01-02,1686.35
2013-01-03,1662.95
2013-01-04,1656.24
2013-01-07,1646.64
2013-01-08,1658.6
2013-01-09,1657.29
2013-01-10,1674.64
2013-01-11,1662.44
2013-01-14,1666.8
2013-01-15,1678.5
2013-01-16,1678.89
2013-01-17,1687.26
2013-01-18,1683.34
2013-01-21,1689.55
2013-01-22,1691.6
2013-01-23,1685.14
2013-01-24,1667.36
2013-01-25,1658.31
2013-01-28,1654.34
2013-01-29,1663.45
2013-01-30,1676.7
2013-01-31,1662.99
2013-02-01,1666.54
2013-02-04,1674
2013-02-05,1672.6
2013-02-06,1677.11
2013-02-07,1670.69
2013-02-08,1666.89
2013-02-11,1649.36
2013-02-12,1650.4
2013-02-13,1642.36
2013-02-14,1634.46
2013-02-15,1609.06
2013-02-18,1609.55
2013-02-19,1604.21
2013-02-20,1562.29
2013-02-21,1575.66
2013-02-22,1580.3
2013-02-25,1593.86
2013-02-26,1613.11
2013-02-27,1597.21
2013-02-28,1579.76
2013-03-01,1574.86
2013-03-04,1573.34
2013-03-05,1575.06
2013-03-06,1583.31
2013-03-07,1578.4
2013-03-08,1577.74
2013-03-11,1580.39
2013-03-12,1592.09
2013-03-13,1587.29
2013-03-14,1589.8
2013-03-15,1591.84
2013-03-18,1604.8
2013-03-19,1612.79
2013-03-20,1605.89
2013-03-21,1614.09
2013-03-22,1607.95
2013-03-25,1604.9
2013-03-26,1598.59
2013-03-27,1605.0209411131
2013-03-28,1597.0191670315
2013-03-29,1596.8956833582
2013-03-30,1597.4440894569
2013-03-31,1597.4440894569
2013-04-01,1599.4663108739
2013-04-02,1576.6041199273
2013-04-03,1557.538254457
2013-04-04,1552.7666863358
2013-04-05,1582.0189021999
2013-04-06,1582.2784810127
2013-04-07,1582.2784810127
2013-04-08,1572.5812804397
2013-04-09,1584.7573682167
2013-04-10,1557.8015624179
2013-04-11,1561.9128924547
2013-04-12,1478.976494443
2013-04-13,1479.2899408284
2013-04-14,1479.2899408284
2013-04-15,1351.8172461002
2013-04-16,1369.1713112969
2013-04-17,1377.1068450831
2013-04-18,1390.7970553004
2013-04-19,1404.2795222966
2013-04-20,1404.4943820225
2013-04-21,1404.4943820225
2013-04-22,1419.3218779095
2013-04-23,1411.0376454154
2013-04-24,1422.5360141153
2013-04-25,1446.7118831916
2013-04-26,1442.4736573899
2013-04-27,1432.664756447
2013-04-28,1432.664756447
2013-04-29,1452.3602723441
2013-04-30,1452.6216709196
2013-05-01,1439.2187020566
2013-05-02,1446.4686634234
2013-05-03,1447.7509802665
2013-05-04,1436.7816091954
2013-05-05,1436.7816091954
2013-05-06,1447.3272934331
2013-05-07,1436.2932300532
2013-05-08,1449.7935410514
2013-05-09,1439.5309126022
2013-05-10,1433.5199077763
2013-05-11,1426.5335235378
2013-05-12,1426.5335235378
2013-05-13,1422.2888070282
2013-05-14,1419.4045225316
2013-05-15,1396.4912508287
2013-05-16,1392.9761568048
2013-05-17,1374.8869102307
2013-05-18,1383.1258644537
2013-05-19,1383.1258644537
2013-05-20,1398.2492145331
2013-05-21,1384.3767982754
2013-05-22,1380.766837629
2013-05-23,1395.9576417982
2013-05-24,1392.9289949196
2013-05-25,1396.6480446927
2013-05-26,1396.6480446927
2013-05-27,1398.46053929
2013-05-28,1387.1443912577
2013-05-29,1399.1502038579
2013-05-30,1410.046843587
2013-05-31,1393.2152374174
2013-06-01,1396.6480446927
2013-06-02,1396.6480446927
2013-06-03,1408.0097939715
2013-06-04,1402.6715353072
2013-06-05,1403.9291334044
2013-06-06,1410.0136596165
2013-06-07,1391.0780433827
2013-06-08,1394.70013947
2013-06-09,1394.70013947
2013-06-10,1393.2152374174
2013-06-11,1386.854565625
2013-06-12,1392.3891262622
2013-06-13,1392.8919347069
2013-06-14,1395.7896723746
2013-06-15,1398.6013986014
2013-06-16,1398.6013986014
2013-06-17,1391.2329394703
2013-06-18,1380.5122579679
2013-06-19,1368.3869469919
2013-06-20,1360.6390783105
2013-06-21,1367.8900877767
2013-06-22,1406.4697609001
2013-06-23,1406.4697609001
2013-06-24,1362.111146373
2013-06-25,1360.3931698291
2013-06-26,1340.3827765517
2013-06-27,1330.0942923284
2013-06-28,1343.5214470609
2013-06-29,1234.5679012346
2013-06-30,1239.1573729864
2013-07-01,1254.0694527047
2013-07-02,1244.013898996
2013-07-03,1253.5312370051
2013-07-04,1248.6895335595
2013-07-05,1223.7633880184
2013-07-06,1223.9902080783
2013-07-07,1226.9938650307
2013-07-08,1236.0259546148
2013-07-09,1250.6549838634
2013-07-10,1275.8548643574
2013-07-11,1286.2299345016
2013-07-12,1284.9945025193
2013-07-13,1285.3470437018
2013-07-14,1293.6610608021
2013-07-15,1284.2260773228
2013-07-16,1290.8779086817
2013-07-17,1276.555605903
2013-07-18,1285.0612354204
2013-07-19,1296.5909612918
2013-07-20,1297.0168612192
2013-07-21,1314.0604467806
2013-07-22,1333.8450467815
2013-07-23,1345.2187685038
2013-07-24,1320.8992920898
2013-07-25,1334.4216067548
2013-07-26,1333.3188885759
2013-07-27,1333.3333333333
2013-07-28,1335.1134846462
2013-07-29,1326.5032086958
2013-07-30,1326.4032669844
2013-07-31,1325.0009120617
2013-08-01,1305.4629587935
2013-08-02,1312.2925000022
2013-08-03,1312.6891092748
2013-08-04,1312.7494223903
2013-08-05,1303.6509382177
2013-08-06,1281.9179192051
2013-08-07,1286.0378543274
2013-08-08,1313.0254048732
2013-08-09,1314.1093689424
2013-08-10,1314.1640602413
2013-08-11,1324.29282763
2013-08-12,1336.3917898296
2013-08-13,1321.8013747816
2013-08-14,1337.1404451938
2013-08-15,1374.3842582014
2013-08-16,1382.2559061265
2013-08-17,1385.5117041101
2013-08-18,1384.7442723515
2013-08-19,1374.5747261378
2013-08-20,1377.7898917992
2013-08-21,1374.4484077087
2013-08-22,1382.9691360637
2013-08-23,1399.0365498338
2013-08-24,1400.3837051352
2013-08-25,1402.4360313865
2013-08-26,1404.2919893497
2013-08-27,1413.8307348979
2013-08-28,1413.982027176
2013-08-29,1406.8266375522
2013-08-30,1397.6686522098
2013-08-31,1398.6600836399
2013-09-01,1389.1107607465
2013-09-02,1395.8026936785
2013-09-03,1410.7056906058
2013-09-04,1394.8233696829
2013-09-05,1375.2483059791
2013-09-06,1393.7253385273
2013-09-07,1395.1574086346
2013-09-08,1394.3209308487
2013-09-09,1391.8453823921
2013-09-10,1373.8853815215
2013-09-11,1374.7597945949
2013-09-12,1323.0332383407
2013-09-13,1326.2423752114
2013-09-14,1326.2335629928
2013-09-15,1333.4755707275
2013-09-16,1312.532052355
2013-09-17,1308.7585718857
2013-09-18,1372.1325462481
2013-09-19,1375.2899024348
2013-09-20,1342.5806246172
2013-09-21,1351.552257768
2013-09-22,1351.2052751054
2013-09-23,1322.265705434
2013-09-24,1323.6371248732
2013-09-25,1333.3551560653
2013-09-26,1322.8641959009
2013-09-27,1335.6035603653
2013-09-28,1335.5503469092
2013-09-29,1337.2112459466
2013-09-30,1328.6661265891
2013-10-01,1288.9139094957
2013-10-02,1315.4926128582
2013-10-03,1316.1010596039
2013-10-04,1310.7541598742
2013-10-05,1310.7362405463
2013-10-06,1312.5254301802
2013-10-07,1322.1997519239
2013-10-08,1319.0856364127
2013-10-09,1306.0109866462
2013-10-10,1286.7942342877
2013-10-11,1272.3722723419
2013-10-12,1272.2484446763
2013-10-13,1273.7393165115
2013-10-14,1273.5092118653
2013-10-15,1279.4846301887
2013-10-16,1281.4345402352
2013-10-17,1319.2273419442
2013-10-18,1315.8513413876
2013-10-19,1315.9020179357
2013-10-20,1315.4173490394
2013-10-21,1315.3940931862
2013-10-22,1340.5686021079
2013-10-23,1331.5417750626
2013-10-24,1359.3641847159
2013-10-25,1363.6628700252
2013-10-26,1369.7035276714
2013-10-27,1369.8536311395
2013-10-28,1363.8661508588
2013-10-29,1357.3129653444
2013-10-30,1355.7293809184
2013-10-31,1322.9733563657
2013-11-01,1315.5029133735
2013-11-02,1315.8847021824
2013-11-03,1315.9020179357
2013-11-04,1313.9012811494
2013-11-05,1310.6375616085
2013-11-06,1317.6814734699
2013-11-07,1307.3666440071
2013-11-08,1288.3454038488
2013-11-09,1288.6182790503
2013-11-10,1288.634884635
2013-11-11,1282.2690528416
2013-11-12,1267.279262121
2013-11-13,1280.9185389808
2013-11-14,1288.1647026811
2013-11-15,1290.0794536814
2013-11-16,1290.2892828572
2013-11-17,1290.347555114
2013-11-18,1274.7137363171
2013-11-19,1277.3865060015
2013-11-20,1243.2446846527
2013-11-21,1241.0817170812
2013-11-22,1243.2647676885
2013-11-23,1243.4021970917
2013-11-24,1242.5910508593
2013-11-25,1251.7377790856
2013-11-26,1242.4727082516
2013-11-27,1237.4222726657
2013-11-28,1242.7064123391
2013-11-29,1252.5267512591
2013-11-30,1252.795299512
2013-12-01,1251.6271152498
2013-12-02,1219.536671102
2013-12-03,1223.6154555442
2013-12-04,1243.5442775932
2013-12-05,1223.3048283049
2013-12-06,1229.2698363762
2013-12-07,1229.7854024473
2013-12-08,1229.7854024473
2013-12-09,1240.5421206453
2013-12-10,1261.7111214099
2013-12-11,1249.5070007063
2013-12-12,1225.0795628903
2013-12-13,1238.627869967
2013-12-14,1239.0422203637
2013-12-15,1239.0345442831
2013-12-16,1241.3110362911
2013-12-17,1231.1214658694
2013-12-18,1219.0492095549
2013-12-19,1188.095899106
2013-12-20,1203.1068914559
2013-12-21,1203.3404731535
2013-12-22,1203.3259930448
2013-12-23,1198.8827704873
2013-12-24,1204.3086316507
2013-12-25,1203.5244295587
2013-12-26,1209.6962341578
2013-12-27,1212.2968310741
2013-12-28,1212.0404094273
2013-12-29,1212.0183741986
2013-12-30,1196.2245233682
2013-12-31,1203.0814079769
2014-01-01,1209.0066908899
2014-01-02,1224.0884987944
2014-01-03,1237.0283305522
2014-01-04,1237.4629534528
2014-01-05,1237.6007871141
2014-01-06,1237.6227193619
2014-01-07,1231.6259582863
2014-01-08,1225.668604718
2014-01-09,1227.3248723161
2014-01-10,1247.8694758196
2014-01-11,1248.4550368918
2014-01-12,1248.4862104698
2014-01-13,1253.1399601875
2014-01-14,1244.0131923419
2014-01-15,1242.031289428
2014-01-16,1242.9987282708
2014-01-17,1255.4484041743
2014-01-18,1256.5102939606
2014-01-19,1256.5102939606
2014-01-20,1254.1996892792
2014-01-21,1240.7715782285
2014-01-22,1236.1862567759
2014-01-23,1264.195580105
2014-01-24,1269.0754302711
2014-01-25,1269.2932575142
2014-01-26,1269.2932575142
2014-01-27,1256.4559925529
2014-01-28,1256.0966235231
2014-01-29,1267.7783912491
2014-01-30,1243.5163808978
2014-01-31,1244.4867811528
2014-02-01,1245.1361867704
2014-02-02,1245.0664242937
2014-02-03,1257.5197638022
2014-02-04,1253.5791656032
2014-02-05,1256.9639292413
2014-02-06,1257.6399370494
2014-02-07,1267.1178623889
2014-02-08,1267.3869649251
2014-02-09,1267.3709024315
2014-02-10,1275.2224527742
2014-02-11,1291.6239602955
2014-02-12,1291.4227078855
2014-02-13,1302.2742509994
2014-02-14,1318.9087979801
2014-02-15,1319.1132920451
2014-02-16,1319.1393934597
2014-02-17,1328.3009574918
2014-02-18,1320.9178785003
2014-02-19,1310.930769273
2014-02-20,1323.5812164566
2014-02-21,1324.2564759629
2014-02-22,1324.8805951364
2014-02-23,1325.9521994232
2014-02-24,1336.7393506215
2014-02-25,1340.458198414
2014-02-26,1330.1090418635
2014-02-27,1330.4589896319
2014-02-28,1326.126708699
2014-03-01,1326.2951271917
2014-03-02,1326.6382323872
2014-03-03,1362.0504089614
2014-03-04,1351.9333381206
2014-03-05,1351.5841878021
2014-03-06,1362.2648554911
2014-03-07,1339.2903757308
2014-03-08,1339.0107388661
2014-03-09,1340.3927350714
2014-03-10,1339.7446711668
2014-03-11,1349.4044052731
2014-03-12,1366.3418938833
2014-03-13,1371.0886446931
2014-03-14,1387.7355533489
2014-03-15,1390.7528840738
2014-03-16,1393.0874998259
2014-03-17,1374.92181263
2014-03-18,1356.4355617553
2014-03-19,1329.0419292504
2014-03-20,1329.3014578267
2014-03-21,1333.7607857642
2014-03-22,1333.6711967032
2014-03-23,1331.5401925407
2014-03-24,1309.0136550325
2014-03-25,1310.6489307208
2014-03-26,1304.6534498938
2014-03-27,1291.773035142
2014-03-28,1293.8695916924
2014-03-29,1294.0544667525
2014-03-30,1296.991627919
2014-03-31,1284.7170037873
2014-04-01,1278.613871397
2014-04-02,1290.0779630701
2014-04-03,1286.9677314291
2014-04-04,1303.1815501448
2014-04-05,1303.7129745515
2014-04-06,1302.0833333333
2014-04-07,1297.5996736305
2014-04-08,1308.7249845353
2014-04-09,1312.0926834684
2014-04-10,1317.9955904826
2014-04-11,1318.6913976896
2014-04-12,1319.052392761
2014-04-13,1326.6822330715
2014-04-14,1327.2979952792
2014-04-15,1302.1310555941
2014-04-16,1302.2510502612
2014-04-17,1294.9238444226
2014-04-18,1294.6008275612
2014-04-19,1295.0767656753
2014-04-20,1293.7029011288
2014-04-21,1289.1580009124
2014-04-22,1283.5140345357
2014-04-23,1283.5942877494
2014-04-24,1293.5206767399
2014-04-25,1303.3765504237
2014-04-26,1303.6449913959
2014-04-27,1303.8489621362
2014-04-28,1296.4881981348
2014-04-29,1295.6126669466
2014-04-30,1290.8337068933
2014-05-01,1283.7268939117
2014-05-02,1300.0873308908
2014-05-03,1292.2400982102
2014-05-04,1300.7284079084
2014-05-05,1310.140785491
2014-05-06,1307.3276657741
2014-05-07,1289.7892995121
2014-05-08,1289.9368811568
2014-05-09,1288.7608134772
2014-05-10,1288.7262230012
2014-05-11,1285.4296548621
2014-05-12,1295.4475799792
2014-05-13,1293.4598451548
2014-05-14,1305.3390182987
2014-05-15,1296.5488377667
2014-05-16,1292.6123803287
2014-05-17,1292.3737027799
2014-05-18,1291.8644834157
2014-05-19,1293.0290384529
2014-05-20,1294.6676586452
2014-05-21,1290.4538934044
2014-05-22,1293.6687310565
2014-05-23,1293.13769971
2014-05-24,1293.4017111705
2014-05-25,1292.2901966866
2014-05-26,1292.1784530994
2014-05-27,1263.907605006
2014-05-28,1259.004977799
2014-05-29,1256.0331539187
2014-05-30,1250.4383601172
2014-05-31,1250.3125781445
2014-06-01,1248.5017978426
2014-06-02,1243.8953137704
2014-06-03,1244.8756230477
2014-06-04,1243.5466685294
2014-06-05,1253.2480390834
2014-06-06,1252.847439509
2014-06-07,1253.1563876514
2014-06-08,1252.913022778
2014-06-09,1252.5363461538
2014-06-10,1259.9153915213
2014-06-11,1260.7480606241
2014-06-12,1273.4514816227
2014-06-13,1276.8988925732
2014-06-14,1277.0984323617
2014-06-15,1277.2452374718
2014-06-16,1271.8155664637
2014-06-17,1270.936311792
2014-06-18,1277.3355856212
2014-06-19,1320.4469605601
2014-06-20,1314.2736106977
2014-06-21,1314.2504172745
2014-06-22,1314.0604467806
2014-06-23,1316.4267569389
2014-06-24,1317.6586551358
2014-06-25,1318.2177037037
2014-06-26,1316.4039820397
2014-06-27,1315.6030142395
2014-06-28,1315.8847021824
2014-06-29,1315.6509841069
2014-06-30,1326.6108827445
2014-07-01,1326.1623659454
2014-07-02,1326.7056968757
2014-07-03,1319.4419143468
2014-07-04,1320.6102440245
2014-07-05,1320.890544405
2014-07-06,1317.7834881729
2014-07-07,1319.4997599253
2014-07-08,1318.9943406173
2014-07-09,1327.1955686694
2014-07-10,1336.0828229892
2014-07-11,1338.4052710049
2014-07-12,1338.688085676
2014-07-13,1338.661204929
2014-07-14,1307.1128723604
2014-07-15,1294.873959546
2014-07-16,1298.8137557362
2014-07-17,1319.6741077964
2014-07-18,1310.6531329381
2014-07-19,1301.7273922495
2014-07-20,1300.7030299877
2014-07-21,1312.0355659224
2014-07-22,1307.1719192508
2014-07-23,1303.9649866087
2014-07-24,1293.3625640164
2014-07-25,1307.3953312982
2014-07-26,1307.198086262
2014-07-27,1307.0613992092
2014-07-28,1303.9809841451
2014-07-29,1299.4288240698
2014-07-30,1296.2212504444
2014-07-31,1283.2048257682
2014-08-01,1293.6574418402
2014-08-02,1293.6861646733
2014-08-03,1293.5690216091
2014-08-04,1288.4143948418
2014-08-05,1288.3364515933
2014-08-06,1306.6585397771
2014-08-07,1312.6008729573
2014-08-08,1309.1612331608
2014-08-09,1309.0718680456
2014-08-10,1310.7963743372
2014-08-11,1307.543048954
2014-08-12,1310.8465957043
2014-08-13,1312.3956413409
2014-08-14,1312.5337753057
2014-08-15,1304.9879064396
2014-08-16,1305.2870652578
2014-08-17,1302.4903615713
2014-08-18,1298.1746708536
2014-08-19,1295.3659357329
2014-08-20,1291.0001454391
2014-08-21,1277.127525051
2014-08-22,1280.6645869287
2014-08-23,1280.5818964137
2014-08-24,1277.424711781
2014-08-25,1275.9277598196
2014-08-26,1280.6231299246
2014-08-27,1283.1054598823
2014-08-28,1289.9928366959
2014-08-29,1287.0794072634
2014-08-30,1287.0841109467
2014-08-31,1286.7611578277
2014-09-01,1286.953459072
2014-09-02,1266.6437259188
2014-09-03,1268.8964181473
2014-09-04,1259.9155111234
2014-09-05,1268.8494199436
2014-09-06,1268.9791697069
2014-09-07,1269.3174245549
2014-09-08,1256.9322504138
2014-09-09,1255.1532514494
2014-09-10,1249.4870270578
2014-09-11,1240.6726948855
2014-09-12,1228.5686192275
2014-09-13,1228.7880463499
2014-09-14,1228.2296298116
2014-09-15,1233.0856286405
2014-09-16,1234.7071540684
2014-09-17,1219.6568811825
2014-09-18,1225.505246396
2014-09-19,1216.2836315005
2014-09-20,1216.3304526574
2014-09-21,1215.0742106574
2014-09-22,1214.9264324998
2014-09-23,1222.6589028935
2014-09-24,1216.677215683
2014-09-25,1221.6893552918
2014-09-26,1219.1564516564
2014-09-27,1219.2296906814
2014-09-28,1216.7004301036
2014-09-29,1215.3778726911
2014-09-30,1209.0593486846
2014-10-01,1213.4757284198
2014-10-02,1214.3052605861
2014-10-03,1190.7067199518
2014-10-04,1190.7100799562
2014-10-05,1184.7428811762
2014-10-06,1206.4760116814
2014-10-07,1209.8687664235
2014-10-08,1220.8637366871
2014-10-09,1224.0000122025
2014-10-10,1223.5135520737
2014-10-11,1223.780502729
2014-10-12,1229.6493040185
2014-10-13,1236.3648720984
2014-10-14,1230.6794687153
2014-10-15,1240.6326673335
2014-10-16,1238.0998108944
2014-10-17,1238.5297907806
2014-10-18,1238.9501136737
2014-10-19,1237.3940481346
2014-10-20,1246.6528348484
2014-10-21,1248.886004645
2014-10-22,1241.6067018723
2014-10-23,1232.6196569303
2014-10-24,1231.2520927248
2014-10-25,1231.3981910761
2014-10-26,1228.2522584488
2014-10-27,1225.3984679888
2014-10-28,1228.1837529227
2014-10-29,1211.7413973982
2014-10-30,1199.8565694516
2014-10-31,1173.8803159586
2014-11-01,1173.8604749439
2014-11-02,1173.6882566621
2014-11-03,1167.9298045093
2014-11-04,1168.1480184616
2014-11-05,1140.6335010493
2014-11-06,1142.3301444128
2014-11-07,1178.0323334697
2014-11-08,1177.9117979646
2014-11-09,1177.9048606244
2014-11-10,1150.3566223252
2014-11-11,1164.2792580315
2014-11-12,1162.8697223819
2014-11-13,1162.3147949566
2014-11-14,1188.6050163678
2014-11-15,1188.9828845914
2014-11-16,1188.8839352058
2014-11-17,1187.0564644003
2014-11-18,1197.496063487
2014-11-19,1183.2125668571
2014-11-20,1192.3764555279
2014-11-21,1201.5826882741
2014-11-22,1201.8291840181
2014-11-23,1201.8364060284
2014-11-24,1198.2974106706
2014-11-25,1200.7182975282
2014-11-26,1198.542422655
2014-11-27,1192.4236479439
2014-11-28,1167.0070038884
2014-11-29,1166.9905065322
2014-11-30,1164.3205607368
2014-12-01,1211.5324858795
2014-12-02,1198.0761127129
2014-12-03,1209.2581322635
2014-12-04,1205.8967408577
2014-12-05,1192.5965428879
2014-12-06,1193.0753904339
2014-12-07,1190.2494762902
2014-12-08,1203.2085165641
2014-12-09,1231.1276196077
2014-12-10,1225.8431070652
2014-12-11,1227.1992672675
2014-12-12,1222.4141864834
2014-12-13,1222.5163053112
2014-12-14,1222.5387239141
2014-12-15,1192.1942734077
2014-12-16,1195.2745458282
2014-12-17,1185.7758330886
2014-12-18,1197.7298324861
2014-12-19,1195.1119625789
2014-12-20,1194.9929794162
2014-12-21,1194.9786995047
2014-12-22,1175.8157435498
2014-12-23,1174.0952358705
2014-12-24,1174.2754114791
2014-12-25,1174.7982284043
2014-12-26,1195.6358100949
2014-12-27,1196.1293255027
2014-12-28,1196.1364791723
2014-12-29,1183.0512262821
2014-12-30,1200.2445777266
2014-12-31,1183.3872688665
2015-01-01,1184.7264647069
2015-01-02,1186.8547259891
2015-01-03,1189.2444729863
2015-01-04,1189.3364097502
2015-01-05,1206.4075747015
2015-01-06,1217.0756479543
2015-01-07,1211.3126270601
2015-01-08,1208.8911185071
2015-01-09,1222.6704848251
2015-01-10,1222.680727495
2015-01-11,1216.604214317
2015-01-12,1233.2083149241
2015-01-13,1230.2492473856
2015-01-14,1229.7573329872
2015-01-15,1262.3230059565
2015-01-16,1279.9421212148
2015-01-17,1280.0081920524
2015-01-18,1279.1404176393
2015-01-19,1278.0481695604
2015-01-20,1293.7724225965
2015-01-21,1295.7343932826
2015-01-22,1301.8383082939
2015-01-23,1294.7341687359
2015-01-24,1295.0264509153
2015-01-25,1295.0851518487
2015-01-26,1281.5499166734
2015-01-27,1294.0763004207
2015-01-28,1284.1564408119
2015-01-29,1257.3547287887
2015-01-30,1283.414363611
2015-01-31,1283.7217661444
2015-02-01,1283.7052869402
2015-02-02,1278.32313035
2015-02-03,1260.5288289388
2015-02-04,1269.2456591604
2015-02-05,1264.393561708
2015-02-06,1234.0319735409
2015-02-07,1234.4383614065
2015-02-08,1234.5374188292
2015-02-09,1239.0457495475
2015-02-10,1233.3933181548
2015-02-11,1218.005326116
2015-02-12,1220.5706707898
2015-02-13,1228.9454706457
2015-02-14,1228.8182454933
2015-02-15,1228.3805031447
2015-02-16,1231.2937243668
2015-02-17,1209.1021892867
2015-02-18,1213.1714250423
2015-02-19,1204.8211665849
2015-02-20,1201.9235332984
2015-02-21,1201.9303000619
2015-02-22,1202.0458820913
2015-02-23,1201.7264541858
2015-02-24,1200.2526531284
2015-02-25,1204.5779065202
2015-02-26,1208.907697348
2015-02-27,1213.1759352931
2015-02-28,1213.4891453396
2015-03-01,1213.4891453396
2015-03-02,1206.5509008746
2015-03-03,1204.2142464445
2015-03-04,1199.2586408946
2015-03-05,1196.7519142271
2015-03-06,1167.5679170884
2015-03-07,1167.9923379703
2015-03-08,1169.5290891123
2015-03-09,1166.852710959
2015-03-10,1162.1947690454
2015-03-11,1155.3109180817
2015-03-12,1154.242554855
2015-03-13,1158.9214198235
2015-03-14,1159.0171534539
2015-03-15,1156.3701540863
2015-03-16,1154.3961397294
2015-03-17,1149.2434295428
2015-03-18,1167.7051808918
2015-03-19,1171.0178250812
2015-03-20,1182.86507697
2015-03-21,1183.2079132945
2015-03-22,1186.0004506802
2015-03-23,1189.7891567899
2015-03-24,1192.3296399112
2015-03-25,1194.9643945475
2015-03-26,1204.3507986552
2015-03-27,1198.8790476904
2015-03-28,1198.9185754449
2015-03-29,1197.6693354732
2015-03-30,1186.0503141929
2015-03-31,1183.358622238
2015-04-01,1203.6568133694
2015-04-02,1199.8188216875
2015-04-03,1203.7925041424
2015-04-04,1200.6387398096
2015-04-05,1216.2416915489
2015-04-06,1216.6487562404
2015-04-07,1208.8304889122
2015-04-08,1202.2747069452
2015-04-09,1194.648738572
2015-04-10,1207.6786692852
2015-04-11,1207.6930044383
2015-04-12,1207.6857118703
2015-04-13,1198.8172676352
2015-04-14,1193.2145413033
2015-04-15,1202.6402607911
2015-04-16,1198.3428300536
2015-04-17,1204.4945370301
2015-04-18,1204.6668794911
2015-04-19,1204.9426748522
2015-04-20,1196.2721778595
2015-04-21,1202.87583428
2015-04-22,1187.4599653502
2015-04-23,1193.573034798
2015-04-24,1179.0784538783
2015-04-25,1179.1827084648
2015-04-26,1179.1966133473
2015-04-27,1201.8179501193
2015-04-28,1211.9376328972
2015-04-29,1204.7622399635
2015-04-30,1184.4123708378
2015-05-01,1178.7335818734
2015-05-02,1178.0089293077
2015-05-03,1177.9881140999
2015-05-04,1187.9058946831
2015-05-05,1193.1738859184
2015-05-06,1191.7298136443
2015-05-07,1184.5531208388
2015-05-08,1187.7712274948
2015-05-09,1187.8318505232
2015-05-10,1188.9970215625
2015-05-11,1183.6286867662
2015-05-12,1193.1690065318
2015-05-13,1215.1753557111
2015-05-14,1221.8862627964
2015-05-15,1223.8281112315
2015-05-16,1224.1924920274
2015-05-17,1225.1748937161
2015-05-18,1225.4167969267
2015-05-19,1208.4898346526
2015-05-20,1210.0367362054
2015-05-21,1206.2329553121
2015-05-22,1206.1320182297
2015-05-23,1206.2580668508
2015-05-24,1204.717674413
2015-05-25,1207.2785764957
2015-05-26,1187.2585846154
2015-05-27,1187.5562238129
2015-05-28,1188.4654866584
2015-05-29,1190.2529175653
2015-05-30,1190.5045358223
2015-05-31,1194.7288562861
2015-06-01,1188.9614254588
2015-06-02,1193.315454774
2015-06-03,1186.680729547
2015-06-04,1176.3303587355
2015-06-05,1173.1174563508
2015-06-06,1174.0534194306
2015-06-07,1166.8611435239
2015-06-08,1174.5415797929
2015-06-09,1176.611068687
2015-06-10,1187.3266936402
2015-06-11,1180.0956272221
2015-06-12,1178.9013318116
2015-06-13,1178.2032400589
2015-06-14,1180.6375442739
2015-06-15,1187.2999651773
2015-06-16,1179.9792738331
2015-06-17,1186.7810388232
2015-06-18,1202.5518468221
2015-06-19,1202.4047935518
2015-06-20,1203.7315678604
2015-06-21,1201.9230769231
2015-06-22,1186.8987497155
2015-06-23,1177.1909024172
2015-06-24,1175.2222181689
2015-06-25,1174.3344555288
2015-06-26,1175.1488229534
2015-06-27,1175.4334410814
2015-06-28,1188.0011880012
2015-06-29,1178.7849184562
2015-06-30,1175.9648121473
2015-07-01,1166.49906527
2015-07-02,1164.6790775882
2015-07-03,1166.1467277303
2015-07-04,1165.5011655012
2015-07-05,1175.4334410814
2015-07-06,1172.3528203489
2015-07-07,1153.0973330009
2015-07-08,1159.5682966173
2015-07-09,1160.0025922386
2015-07-10,1163.2725088322
2015-07-11,1163.1288165164
2015-07-12,1162.7906976744
2015-07-13,1159.2606795655
2015-07-14,1157.729723449
2015-07-15,1149.3668522967
2015-07-16,1146.294062707
2015-07-17,1134.5820942608
2015-07-18,1135.0737797957
2015-07-19,1134.1083073434
2015-07-20,1097.5136810336
2015-07-21,1100.6116977983
2015-07-22,1095.5082582724
2015-07-23,1089.089462347
2015-07-24,1098.7173378299
2015-07-25,1098.9010989011
2015-07-26,1096.7918837401
2015-07-27,1095.6662458388
2015-07-28,1096.1772343575
2015-07-29,1097.4335286689
2015-07-30,1087.3313021842
2015-07-31,1096.1272438887
2015-08-01,1096.4912280702
2015-08-02,1096.7918837401
2015-08-03,1085.9640706674
2015-08-04,1086.9710141063
2015-08-05,1085.5970115063
2015-08-06,1088.4293664702
2015-08-07,1095.5926817854
2015-08-08,1096.4912280702
2015-08-09,1089.6213565786
2015-08-10,1102.4520205688
2015-08-11,1109.4549534962
2015-08-12,1124.2406141425
2015-08-13,1113.3201854268
2015-08-14,1112.7976694631
2015-08-15,1112.3470522803
2015-08-16,1112.6564673157
2015-08-17,1119.1746354688
2015-08-18,1119.291677916
2015-08-19,1134.0922044383
2015-08-20,1152.3023976718
2015-08-21,1161.1766710321
2015-08-22,1161.4401858304
2015-08-23,1162.7906976744
2015-08-24,1151.3825011947
2015-08-25,1139.600854863
2015-08-26,1124.1131929317
2015-08-27,1125.0095549483
2015-08-28,1134.5687375007
2015-08-29,1135.0737797957
2015-08-30,1134.1083073434
2015-08-31,1134.9636505899
2015-09-01,1138.5528131613
2015-09-02,1134.5987893276
2015-09-03,1124.2239665157
2015-09-04,1123.2634742921
2015-09-05,1123.595505618
2015-09-06,1122.6494527084
2015-09-07,1120.6259750673
2015-09-08,1122.2326592254
2015-09-09,1107.6632222952
2015-09-10,1111.3298780018
2015-09-11,1108.4694489055
2015-09-12,1108.9548100915
2015-09-13,1108.6474501109
2015-09-14,1109.3848379001
2015-09-15,1107.4289608541
2015-09-16,1120.64268672
2015-09-17,1133.1372113766
2015-09-18,1138.1039328369
2015-09-19,1137.6564277588
2015-09-20,1136.6865586814
2015-09-21,1134.4150895995
2015-09-22,1124.1407135758
2015-09-23,1131.8808086103
2015-09-24,1150.8201313418
2015-09-25,1146.6982708369
2015-09-26,1147.1178663608
2015-09-27,1148.1056257176
2015-09-28,1133.2876857024
2015-09-29,1125.5919729331
2015-09-30,1113.9236255746
2015-10-01,1112.6179028879
2015-10-02,1119.8478181272
2015-10-03,1111.1111111111
2015-10-04,1136.6865586814
2015-10-05,1136.1089768216
2015-10-06,1147.6367010754
2015-10-07,1147.0685469463
2015-10-08,1138.1733245825
2015-10-09,1159.1035205635
2015-10-10,1160.0928074246
2015-10-11,1152.0737327189
2015-10-12,1163.0603400022
2015-10-13,1166.4658441017
2015-10-14,1185.9970822696
2015-10-15,1180.3946106325
2015-10-16,1176.844472555
2015-10-17,1176.8167107973
2015-10-18,1175.4334410814
2015-10-19,1171.8833511271
2015-10-20,1176.2136132778
2015-10-21,1165.2212371483
2015-10-22,1164.8719140977
2015-10-23,1163.3724422432
2015-10-24,1163.1288165164
2015-10-25,1162.7906976744
2015-10-26,1163.0191903501
2015-10-27,1165.1713595376
2015-10-28,1158.6248325272
2015-10-29,1147.23911114
2015-10-30,1139.9663001206
2015-10-31,1138.9521640091
2015-11-01,1138.9521640091
2015-11-02,1134.4986042035
2015-11-03,1118.1151216451
2015-11-04,1106.6870649039
2015-11-05,1102.0633899578
2015-11-06,1088.1795182428
2015-11-07,1088.1392818281
2015-11-08,1088.1392818281
2015-11-09,1094.0942282603
2015-11-10,1088.5958045007
2015-11-11,1085.9674052948
2015-11-12,1086.1865919654
2015-11-13,1084.3480312
2015-11-14,1084.8928668294
2015-11-15,1084.8928668294
2015-11-16,1084.0806970285
2015-11-17,1071.9590464009
2015-11-18,1072.226577216
2015-11-19,1083.7310797781
2015-11-20,1077.0471403129
2015-11-21,1076.7160161507
2015-11-22,1076.7160161507
2015-11-23,1065.7170124299
2015-11-24,1075.215872923
2015-11-25,1072.5018017436
2015-11-26,1073.174263078
2015-11-27,1055.4782420653
2015-11-28,1054.0184453228
2015-11-29,1054.0184453228
2015-11-30,1064.0818621725
2015-12-01,1067.2899841875
2015-12-02,1053.042406129
2015-12-03,1059.7078694376
2015-12-04,1086.8409899384
2015-12-05,1086.9565217391
2015-12-06,1086.9565217391
2015-12-07,1072.1606374578
2015-12-08,1074.9490213616
2015-12-09,1073.6788853748
2015-12-10,1072.5452523648
2015-12-11,1074.4382400607
2015-12-12,1074.4023636852
2015-12-13,1074.4023636852
2015-12-14,1063.4195419937
2015-12-15,1060.6043703176
2015-12-16,1072.2523779411
2015-12-17,1050.7332586259
2015-12-18,1065.245001153
2015-12-19,1064.9627263046
2015-12-20,1067.2358591249
2015-12-21,1077.7440916519
2015-12-22,1073.3949429836
2015-12-23,1070.6668288636
2015-12-24,1075.4152592746
2015-12-25,1075.5386297625
2015-12-26,1075.5579456843
2015-12-27,1075.5579456843
2015-12-28,1066.1889870405
2015-12-29,1066.3652034965
2015-12-30,1062.2200191437
2015-12-31,1061.5384360618
2016-01-01,1061.3147439131
2016-01-02,1061.8529333687
2016-01-03,1061.8529333687
2016-01-04,1074.3682402894
2016-01-05,1076.7040331055
2016-01-06,1095.7598443153
2016-01-07,1109.618487732
2016-01-08,1102.1597794594
2016-01-09,1101.3215859031
2016-01-10,1101.3215859031
2016-01-11,1095.012891623
2016-01-12,1086.8576631803
2016-01-13,1096.1622931362
2016-01-14,1077.0105162441
2016-01-15,1088.3294547229
2016-01-16,1088.1392818281
2016-01-17,1088.1392818281
2016-01-18,1087.5037961735
2016-01-19,1085.3048782047
2016-01-20,1103.7207599915
2016-01-21,1101.2843880895
2016-01-22,1097.9674365065
2016-01-23,1097.9961570135
2016-01-24,1097.9961570135
2016-01-25,1109.137622718
2016-01-26,1120.9833874142
2016-01-27,1124.1265013879
2016-01-28,1115.0053006446
2016-01-29,1119.9284767818
2016-01-30,1121.0762331839
2016-01-31,1114.8272017837
2016-02-01,1126.9030106989
2016-02-02,1126.9861019525
2016-02-03,1140.3589788742
2016-02-04,1154.9428654355
2016-02-05,1174.4881423335
2016-02-06,1175.0881316099
2016-02-07,1175.0881316099
2016-02-08,1189.8624708734
2016-02-09,1189.0959721261
2016-02-10,1199.5944781243
2016-02-11,1247.7956371195
2016-02-12,1236.6155215541
2016-02-13,1236.0939431397
2016-02-14,1236.0939431397
2016-02-15,1208.2525256105
2016-02-16,1200.5469153723
2016-02-17,1207.3435043559
2016-02-18,1232.6801986603
2016-02-19,1225.2608285095
2016-02-20,1223.9902080783
2016-02-21,1221.3740458015
2016-02-22,1206.2396638772
2016-02-23,1229.2784255058
2016-02-24,1230.9226815974
2016-02-25,1233.7037682067
2016-02-26,1221.4038815808
2016-02-27,1221.0012210012
2016-02-28,1221.0012210012
2016-02-29,1236.9037327759
2016-03-01,1232.6501616243
2016-03-02,1238.3849042228
2016-03-03,1266.3189743836
2016-03-04,1260.6401578101
2016-03-05,1261.4317250079
2016-03-06,1261.4317250079
2016-03-07,1266.4855504444
2016-03-08,1261.98686148
2016-03-09,1251.8961278294
2016-03-10,1271.862833737
2016-03-11,1247.5342848939
2016-03-12,1247.2715933895
2016-03-13,1250.3907471085
2016-03-14,1234.9327051345
2016-03-15,1232.9501936159
2016-03-16,1262.6508407939
2016-03-17,1260.7955483014
2016-03-18,1252.8328914295
2016-03-19,1251.9561815336
2016-03-20,1253.1328320802
2016-03-21,1245.682890396
2016-03-22,1248.5526926586
2016-03-23,1220.8489126908
2016-03-24,1217.4139149052
2016-03-25,1217.3838530114
2016-03-26,1218.0267965895
2016-03-27,1216.9151201704
2016-03-28,1220.1393005279
2016-03-29,1239.0127169919
2016-03-30,1223.1452302114
2016-03-31,1232.6801986603
2016-04-01,1221.3705903871
2016-04-02,1221.0012210012
2016-04-03,1219.512195122
2016-04-04,1216.8991135049
2016-04-05,1231.5006496702
2016-04-06,1221.5326559954
2016-04-07,1238.5112336527
2016-04-08,1238.4181538173
2016-04-09,1237.6237623762
2016-04-10,1247.2715933895
2016-04-11,1260.135156773
2016-04-12,1253.9408447045
2016-04-13,1244.4721613926
2016-04-14,1230.0177048929
2016-04-15,1235.2815623421
2016-04-16,1236.0939431397
2016-04-17,1236.4760432767
2016-04-18,1232.4131001864
2016-04-19,1250.0333315557
2016-04-20,1245.9449126263
2016-04-21,1249.4862447023
2016-04-22,1230.8966827694
2016-04-23,1230.3906490311
2016-04-24,1233.045622688
2016-04-25,1236.5622736092
2016-04-26,1244.6734817601
2016-04-27,1246.7472885015
2016-04-28,1265.9085115936
2016-04-29,1290.2227288185
2016-04-30,1288.6597938144
2016-05-01,1295.3367875648
2016-05-02,1293.9582638357
2016-05-03,1284.3307387419
2016-05-04,1281.0693528729
2016-05-05,1278.6738135821
2016-05-06,1286.3298571907
2016-05-07,1285.3470437018
2016-05-08,1284.1091492777
2016-05-09,1264.234558587
2016-05-10,1266.1489835304
2016-05-11,1278.5569403582
2016-05-12,1264.9172294096
2016-05-13,1272.5762679519
2016-05-14,1272.2646310433
2016-05-15,1269.0355329949
2016-05-16,1276.9966678114
2016-05-17,1281.2331451824
2016-05-18,1261.3119961025
2016-05-19,1253.4550555921
2016-05-20,1250.8967548651
2016-05-21,1250.3907471085
2016-05-22,1250.3907471085
2016-05-23,1249.4962609888
2016-05-24,1229.8468231547
2016-05-25,1222.1749787092
2016-05-26,1219.5914531111
2016-05-27,1213.1111074934
2016-05-28,1213.5922330097
2016-05-29,1213.5922330097
2016-05-30,1206.1572868333
2016-05-31,1216.1725082066
2016-06-01,1215.1601958796
2016-06-02,1207.6751427262
2016-06-03,1245.9504698543
2016-06-04,1246.8827930175
2016-06-05,1247.2715933895
2016-06-06,1246.4666914103
2016-06-07,1245.71635037
2016-06-08,1263.4006014851
2016-06-09,1267.7512494273
2016-06-10,1276.2956259237
2016-06-11,1277.5471095497
2016-06-12,1279.1813239527
2016-06-13,1282.8579741772
2016-06-14,1284.2841607937
2016-06-15,1293.9247867287
2016-06-16,1280.8954410078
2016-06-17,1298.5374911553
2016-06-18,1298.7012987013
2016-06-19,1285.3470437018
2016-06-20,1286.8113518096
2016-06-21,1267.6380117568
2016-06-22,1264.7845019993
2016-06-23,1254.09983369
2016-06-24,1321.4818180223
2016-06-25,1324.5033112583
2016-06-26,1330.2294645826
2016-06-27,1327.1020901617
2016-06-28,1313.4096538768
2016-06-29,1316.6950675189
2016-06-30,1320.0997418459
2016-07-01,1345.7703692195
2016-07-02,1347.7088948787
2016-07-03,1338.688085676
2016-07-04,1349.8183182927
2016-07-05,1354.3212439488
2016-07-06,1365.5597575425
2016-07-07,1363.2112882955
2016-07-08,1367.4589602188
2016-07-09,1367.9890560876
2016-07-10,1367.9890560876
2016-07-11,1352.8205099445
2016-07-12,1331.7507937881
2016-07-13,1348.3711471642
2016-07-14,1333.7885778052
2016-07-15,1332.9236799829
2016-07-16,1330.6719893546
2016-07-17,1330.6719893546
2016-07-18,1329.9104555926
2016-07-19,1332.2066057946
2016-07-20,1314.5432761111
2016-07-21,1331.8628494539
2016-07-22,1320.1762048421
2016-07-23,1319.2612137203
2016-07-24,1319.2612137203
2016-07-25,1316.1534134265
2016-07-26,1318.8740214967
2016-07-27,1332.9827242817
2016-07-28,1331.6761080353
2016-07-29,1342.6320141817
2016-07-30,1338.688085676
2016-07-31,1338.688085676
2016-08-01,1351.8505318401
2016-08-02,1365.1454232378
2016-08-03,1355.2288622983
2016-08-04,1358.1655210666
2016-08-05,1334.8086379119
2016-08-06,1334.6680013347
2016-08-07,1332.0013320013
2016-08-08,1333.9217024961
2016-08-09,1341.3240163654
2016-08-10,1346.019990247
2016-08-11,1336.5015122257
2016-08-12,1334.1246152489
2016-08-13,1333.3333333333
2016-08-14,1333.3333333333
2016-08-15,1337.8665064907
2016-08-16,1346.7362462046
2016-08-17,1348.7991335114
2016-08-18,1351.3493622961
2016-08-19,1344.8332498306
2016-08-20,1339.4322146842
2016-08-21,1338.7239283515
2016-08-22,1337.0155523333
2016-08-23,1336.7391004284
2016-08-24,1325.2024240444
2016-08-25,1320.5517552292
2016-08-26,1320.3538218167
2016-08-27,1320.105872491
2016-08-28,1320.044881526
2016-08-29,1322.167082566
2016-08-30,1316.7653812575
2016-08-31,1315.7934791529
2016-09-01,1317.9212148081
2016-09-02,1324.768620003
2016-09-03,1324.8279379716
2016-09-04,1321.597547115
2016-09-05,1325.5156331075
2016-09-06,1337.5586835537
2016-09-07,1335.7550490532
2016-09-08,1330.5173166998
2016-09-09,1326.126356633
2016-09-10,1325.3459152839
2016-09-11,1325.6358080744
2016-09-12,1326.0580895126
2016-09-13,1320.3735159109
2016-09-14,1321.9956074042
2016-09-15,1318.240441075
2016-09-16,1316.2722123443
2016-09-17,1319.400464429
2016-09-18,1319.6181025211
2016-09-19,1317.8315161138
2016-09-20,1318.4450639626
2016-09-21,1329.7159366467
2016-09-22,1330.1186964644
2016-09-23,1330.3263837267
2016-09-24,1326.9110836883
2016-09-25,1327.1047881941
2016-09-26,1330.3769325465
2016-09-27,1325.7851918677
2016-09-28,1321.5157568584
2016-09-29,1320.970771448
2016-09-30,1318.8761528938
2016-10-01,1320.4196293582
2016-10-02,1320.4457824962
2016-10-03,1317.0344329898
2016-10-04,1291.5381691645
2016-10-05,1291.005786432
2016-10-06,1275.5165560552
2016-10-07,1276.7238581023
2016-10-08,1287.0923939275
2016-10-09,1292.1065212616
2016-10-10,1280.7463860816
2016-10-11,1275.1340268031
2016-10-12,1275.6489353818
2016-10-13,1277.1419526606
2016-10-14,1273.4592409716
2016-10-15,1285.4957514365
2016-10-16,1285.9338129866
2016-10-17,1276.0224646425
2016-10-18,1282.4500676912
2016-10-19,1285.9508084113
2016-10-20,1284.1617963352
2016-10-21,1284.4976105196
2016-10-22,1293.8200684431
2016-10-23,1293.744744162
2016-10-24,1283.1909704793
2016-10-25,1296.124880542
2016-10-26,1290.8339150195
2016-10-27,1291.579193056
2016-10-28,1297.0256426157
2016-10-29,1307.8477403661
2016-10-30,1308.2926127258
2016-10-31,1297.5308856276
2016-11-01,1302.5197153877
2016-11-02,1308.5891233757
2016-11-03,1311.1931161139
2016-11-04,1311.5968412372
2016-11-05,1315.5557894321
2016-11-06,1309.9635830124
2016-11-07,1299.6379573851
2016-11-08,1294.6303198661
2016-11-09,1297.5918378493
2016-11-10,1287.745755992
2016-11-11,1258.1833250524
2016-11-12,1275.1442506934
2016-11-13,1275.8356723654
2016-11-14,1253.0249051411
2016-11-15,1228.4984563239
2016-11-16,1224.8731687449
2016-11-17,1216.2137550877
2016-11-18,1207.4561925928
2016-11-19,1207.0297412128
2016-11-20,1205.8144372163
2016-11-21,1215.8675627048
2016-11-22,1213.3626042245
2016-11-23,1188.8585383081
2016-11-24,1185.8946594176
2016-11-25,1184.9210305829
2016-11-26,1185.9441894664
2016-11-27,1187.2747888135
2016-11-28,1193.3810041108
2016-11-29,1188.9852381127
2016-11-30,1173.1108863894
2016-12-01,1173.1413492584
2016-12-02,1177.1610495549
2016-12-03,1177.3016246762
2016-12-04,1182.5363038645
2016-12-05,1170.960469587
2016-12-06,1170.7207788282
2016-12-07,1174.8390284716
2016-12-08,1171.5889901707
2016-12-09,1159.7634760019
2016-12-10,1160.7728425586
2016-12-11,1159.568176811
2016-12-12,1162.5580354369
2016-12-13,1159.1032717756
2016-12-14,1142.1634940368
2016-12-15,1127.2060740494
2016-12-16,1134.8281830747
2016-12-17,1135.2477394379
2016-12-18,1136.0538035081
2016-12-19,1138.733719799
2016-12-20,1132.0804570841
2016-12-21,1131.229017196
2016-12-22,1128.6794168936
2016-12-23,1133.6125429856
2016-12-24,1133.8639816768
2016-12-25,1133.8639816768
2016-12-26,1133.5784230677
2016-12-27,1139.0521603063
2016-12-28,1142.3878257855
2016-12-29,1159.5103979331
2016-12-30,1151.9663895261
2016-12-31,1152.219751351
2017-01-01,1151.9874663764
2017-01-02,1150.5096757864
2017-01-03,1157.8242640316
2017-01-04,1164.61001894
2017-01-05,1180.6665253237
2017-01-06,1172.4894272965
2017-01-07,1172.3741749417
2017-01-08,1173.8329166226
2017-01-09,1181.9421221479
2017-01-10,1186.6778817623
2017-01-11,1192.8399082197
2017-01-12,1196.0157760973
2017-01-13,1197.4563795732
2017-01-14,1197.55459352
2017-01-15,1203.4490850778
2017-01-16,1203.1650868097
2017-01-17,1215.6096703382
2017-01-18,1202.6929590641
2017-01-19,1203.9437160474
2017-01-20,1209.7667292939
2017-01-21,1209.8701204426
2017-01-22,1215.3326365426
2017-01-23,1217.1095421939
2017-01-24,1209.0788399922
2017-01-25,1200.5183436948
2017-01-26,1188.2111403118
2017-01-27,1190.9286758112
2017-01-28,1190.7880635405
2017-01-29,1194.422049031
2017-01-30,1196.5166550864
2017-01-31,1211.5298431664
2017-02-01,1209.3435769318
2017-02-02,1215.2701434203
2017-02-03,1220.327470278
2017-02-04,1220.5913765219
2017-02-05,1221.0981335515
2017-02-06,1233.9981222581
2017-02-07,1232.4583920196
2017-02-08,1240.820059414
2017-02-09,1228.0782059171
2017-02-10,1233.6052807122
2017-02-11,1233.403020604
2017-02-12,1230.1863117169
2017-02-13,1225.5920537773
2017-02-14,1228.4410430635
2017-02-15,1232.9495762284
2017-02-16,1238.8355767336
2017-02-17,1234.9275121938
2017-02-18,1234.7813202282
2017-02-19,1236.2467548523
2017-02-20,1237.5704393005
2017-02-21,1235.1234770466
2017-02-22,1237.3507202636
2017-02-23,1249.5612878074
2017-02-24,1257.17979668
2017-02-25,1257.489924362
2017-02-26,1256.1393812257
2017-02-27,1253.0551209298
2017-02-28,1246.6401371499
2017-03-01,1247.6760650434
2017-03-02,1234.9031950899
2017-03-03,1234.4976302047
2017-03-04,1234.6364921508
2017-03-05,1236.1779849063
2017-03-06,1225.6786926001
2017-03-07,1216.1557394806
2017-03-08,1208.3972248695
2017-03-09,1200.4293265366
2017-03-10,1204.6979912231
2017-03-11,1204.8120192047
2017-03-12,1206.1053050542
2017-03-13,1202.5902219637
2017-03-14,1199.7530084071
2017-03-15,1220.0824844073
2017-03-16,1226.7155832153
2017-03-17,1229.2023675817
2017-03-18,1229.6039445695
2017-03-19,1231.3223786686
2017-03-20,1234.125365889
2017-03-21,1245.2909548519
2017-03-22,1247.4600270208
2017-03-23,1245.2980129397
2017-03-24,1244.8092598127
2017-03-25,1245.314504178
2017-03-26,1253.0700215528
2017-03-27,1253.3308666352
2017-03-28,1250.5010437303
2017-03-29,1252.5395532497
2017-03-30,1243.425410236
2017-03-31,1248.7212251626
2017-04-01,1248.7668427428
2017-04-02,1248.384902033
2017-04-03,1254.8677631558
2017-04-04,1255.7794881944
2017-04-05,1257.029017487
2017-04-06,1251.4867326667
2017-04-07,1254.2516862979
2017-04-08,1254.602824111
2017-04-09,1254.996454635
2017-04-10,1255.5127838607
2017-04-11,1275.2432318822
2017-04-12,1286.7559066667
2017-04-13,1287.3196681032
2017-04-14,1285.7298608684
2017-04-15,1285.99996142
2017-04-16,1295.0264509153
2017-04-17,1283.6617424152
2017-04-18,1289.053631537
2017-04-19,1279.0745093192
2017-04-20,1281.0237840908
2017-04-21,1284.2046851041
2017-04-22,1284.30705213
2017-04-23,1274.2099898063
2017-04-24,1276.5832425979
2017-04-25,1263.8337023968
2017-04-26,1267.8237706591
2017-04-27,1264.0749183004
2017-04-28,1267.7317220013
2017-04-29,1267.7725869534
2017-04-30,1270.5027379334
2017-05-01,1256.4349260338
2017-05-02,1256.5508825974
2017-05-03,1238.5056268493
2017-05-04,1228.0939236293
2017-05-05,1227.8404348781
2017-05-06,1227.9656906386
2017-05-07,1234.4688389203
2017-05-08,1226.8464591348
2017-05-09,1222.7939051829
2017-05-10,1218.1948856392
2017-05-11,1225.0148455696
2017-05-12,1228.5447602715
2017-05-13,1228.6521685711
2017-05-14,1229.8911354718
2017-05-15,1231.0826972479
2017-05-16,1241.2236483069
2017-05-17,1259.9375493637
2017-05-18,1247.9439546453
2017-05-19,1255.0825589334
2017-05-20,1255.0988390336
2017-05-21,1257.2791494986
2017-05-22,1262.0032268476
2017-05-23,1251.1396341333
2017-05-24,1257.9674542592
2017-05-25,1255.038851957
2017-05-26,1267.0161111803
2017-05-27,1267.1942418694
2017-05-28,1268.0239525784
2017-05-29,1267.0924233707
2017-05-30,1262.6116607332
2017-05-31,1268.6397212551
2017-06-01,1264.7867322352
2017-06-02,1279.0523787854
2017-06-03,1278.7887313137
2017-06-04,1280.1471896059
2017-06-05,1280.1497467069
2017-06-06,1293.6296820635
2017-06-07,1285.6185211708
2017-06-08,1279.7070111215
2017-06-09,1266.7036981624
2017-06-10,1267.1059300558
2017-06-11,1267.6971933804
2017-06-12,1265.3895965962
2017-06-13,1266.6965514243
2017-06-14,1262.8214763271
2017-06-15,1254.0724673604
2017-06-16,1253.3413016456
2017-06-17,1253.4469791928
2017-06-18,1254.7401638144
2017-06-19,1243.437206296
2017-06-20,1244.3495014467
2017-06-21,1247.8806754756
2017-06-22,1251.0500362292
2017-06-23,1256.5051024635
2017-06-24,1256.5576602896
2017-06-25,1257.6401639963
2017-06-26,1243.6517631871
2017-06-27,1248.7752054188
2017-06-28,1249.5491660022
2017-06-29,1246.1638688398
2017-06-30,1241.6797469761
2017-07-01,1241.9197595643
2017-07-02,1241.973744675
2017-07-03,1222.5684512365
2017-07-04,1225.7903631656
2017-07-05,1226.7272417878
2017-07-06,1223.9753099259
2017-07-07,1213.151406289
2017-07-08,1213.3271858089
2017-07-09,1213.3713523024
2017-07-10,1213.7507490587
2017-07-11,1217.7235103688
2017-07-12,1219.4189045781
2017-07-13,1217.578696354
2017-07-14,1228.663334746
2017-07-15,1228.7050063585
2017-07-16,1231.2617354634
2017-07-17,1233.3454948545
2017-07-18,1242.3291811407
2017-07-19,1240.8328048269
2017-07-20,1244.0165573759
2017-07-21,1254.7031095043
2017-07-22,1254.8547191949
2017-07-23,1256.2814070352
2017-07-24,1253.9071504392
2017-07-25,1247.5002809086
2017-07-26,1260.6667934885
2017-07-27,1259.347114529
2017-07-28,1269.0960137402
2017-07-29,1269.2690913937
2017-07-30,1270.4704552096
2017-07-31,1268.0640924261
2017-08-01,1267.8869238776
2017-08-02,1263.9537065286
2017-08-03,1268.8207081425
2017-08-04,1258.6651998998
2017-08-05,1259.0731962203
2017-08-06,1257.655980783
2017-08-07,1257.6618857047
2017-08-08,1261.6228843566
2017-08-09,1276.1866135318
2017-08-10,1286.562510861
2017-08-11,1288.8925695943
2017-08-12,1288.9338583591
2017-08-13,1288.7760493859
2017-08-14,1279.9965083793
2017-08-15,1272.1799799329
2017-08-16,1283.2086694748
2017-08-17,1288.29307519
2017-08-18,1284.1500724357
2017-08-19,1284.175110118
2017-08-20,1283.5487555995
2017-08-21,1291.458313497
2017-08-22,1283.7761023052
2017-08-23,1290.224833046
2017-08-24,1286.6292289461
2017-08-25,1290.8526135725
2017-08-26,1290.7639386371
2017-08-27,1292.3486498187
2017-08-28,1314.9300122518
2017-08-29,1309.0393672076
2017-08-30,1307.6421565874
2017-08-31,1321.272409004
2017-09-01,1324.6834520285
2017-09-02,1324.7401853312
2017-09-03,1336.549963579
2017-09-04,1333.4775599352
2017-09-05,1340.7802535194
2017-09-06,1333.5347997552
2017-09-07,1349.1454603877
2017-09-08,1346.2809773683
2017-09-09,1346.2664665217
2017-09-10,1338.3835004082
2017-09-11,1326.8671054159
2017-09-12,1331.3923948271
2017-09-13,1322.6442476973
2017-09-14,1332.3313777605
2017-09-15,1320.1066388871
2017-09-16,1320.550405409
2017-09-17,1316.0405603701
2017-09-18,1308.1428061086
2017-09-19,1310.8955832003
2017-09-20,1299.5679540887
2017-09-21,1291.6740669462
2017-09-22,1297.0886904115
2017-09-23,1297.143042449
2017-09-24,1292.0230496912
2017-09-25,1309.1567680704
2017-09-26,1293.5214599103
2017-09-27,1282.6867086413
2017-09-28,1286.9818986165
2017-09-29,1279.4870025952
2017-09-30,1279.6805917243
2017-10-01,1278.4372383199
2017-10-02,1270.8604182148
2017-10-03,1272.1401031946
2017-10-04,1274.0647432589
2017-10-05,1268.6269971374
2017-10-06,1276.3137475053
2017-10-07,1276.8212258761
2017-10-08,1276.8619839882
2017-10-09,1283.6218759366
2017-10-10,1289.161968734
2017-10-11,1292.1100998097
2017-10-12,1293.7246464003
2017-10-13,1304.0218986941
2017-10-14,1303.7979634676
2017-10-15,1304.0700024777
2017-10-16,1294.8070532363
2017-10-17,1285.4212832053
2017-10-18,1280.5297982204
2017-10-19,1289.9705316066
2017-10-20,1280.4815233908
2017-10-21,1280.5572985363
2017-10-22,1275.3068707158
2017-10-23,1282.1576061016
2017-10-24,1275.8810172149
2017-10-25,1278.4131454444
2017-10-26,1267.1518439724
2017-10-27,1273.337698858
2017-10-28,1273.7068691011
2017-10-29,1272.361757895
2017-10-30,1276.7777236541
2017-10-31,1270.627431561
2017-11-01,1274.9284663292
2017-11-02,1276.8464061268
2017-11-03,1270.1334581217
2017-11-04,1270.4704552096
2017-11-05,1270.6399578148
2017-11-06,1280.66692757
2017-11-07,1276.7691356588
2017-11-08,1281.6432513873
2017-11-09,1285.4656625859
2017-11-10,1275.8073444719
2017-11-11,1275.6810542228
2017-11-12,1275.3719303392
2017-11-13,1277.5626317677
2017-11-14,1280.6799323445
2017-11-15,1278.8914004715
2017-11-16,1278.8553543529
2017-11-17,1294.0458170568
2017-11-18,1293.9037723764
2017-11-19,1293.5522886174
2017-11-20,1278.2698351476
2017-11-21,1281.4872984014
2017-11-22,1291.1201008735
2017-11-23,1291.4483110704
2017-11-24,1288.2171053755
2017-11-25,1288.4107453456
2017-11-26,1287.233220915
2017-11-27,1294.7694363016
2017-11-28,1293.6886686905
2017-11-29,1283.7873217631
2017-11-30,1274.9748350246
2017-12-01,1280.3911234109
2017-12-02,1280.4917088162
2017-12-03,1273.9096925419
2017-12-04,1276.6320970764
2017-12-05,1266.1028030638
2017-12-06,1264.0270789308
2017-12-07,1246.7817290309
2017-12-08,1248.1349880116
2017-12-09,1248.3225665512
2017-12-10,1248.5329737558
2017-12-11,1242.3454627944
2017-12-12,1243.5451641906
2017-12-13,1254.6905029104
2017-12-14,1253.1669889105
2017-12-15,1255.0681316775
2017-12-16,1255.0122049937
2017-12-17,1254.3352963681
2017-12-18,1261.2850824723
2017-12-19,1262.0969011781
2017-12-20,1266.0069125766
2017-12-21,1267.0348029657
2017-12-22,1275.2208359663
2017-12-23,1275.526473552
2017-12-24,1275.2418177297
2017-12-25,1274.6160219234
2017-12-26,1282.4911359838
2017-12-27,1287.2361262816
2017-12-28,1294.2024747011
2017-12-29,1302.431670445
2017-12-30,1302.431670445
2017-12-31,1302.4649148514
2018-01-01,1307.0186903673
2018-01-02,1319.8279531883
2018-01-03,1311.5018622742
2018-01-04,1321.6353711678
2018-01-05,1319.589185444
2018-01-06,1319.4788058717
2018-01-07,1319.4265772095
2018-01-08,1318.8003639637
2018-01-09,1311.1955019387
2018-01-10,1317.3951930487
2018-01-11,1322.6608366047
2018-01-12,1337.6528906933
2018-01-13,1337.6528906933
2018-01-14,1337.014580144
2018-01-15,1341.1908900024
2018-01-16,1339.9600956946
2018-01-17,1328.0914684502
2018-01-18,1327.7198995865
2018-01-19,1331.5322508165
2018-01-20,1331.5933846441
2018-01-21,1334.9263454389
2018-01-22,1333.4199720275
2018-01-23,1341.7496252584
2018-01-24,1357.0557377921
2018-01-25,1347.3563627683
2018-01-26,1349.8662240329
2018-01-27,1349.9193423193
2018-01-28,1351.2509205397
2018-01-29,1340.999334485
2018-01-30,1338.4881230463
2018-01-31,1345.2973339895
2018-02-01,1348.293842376
2018-02-02,1333.1125864212
2018-02-03,1333.2089005026
2018-02-04,1333.0311795993
2018-02-05,1339.5255846818
2018-02-06,1324.9438740614
2018-02-07,1318.8540603571
2018-02-08,1321.2255664632
2018-02-09,1316.2865142402
2018-02-10,1316.1598912115
2018-02-11,1316.0925213042
2018-02-12,1322.7250573308
2018-02-13,1330.9734051358
2018-02-14,1352.5956084808
2018-02-15,1353.461371437
2018-02-16,1347.593354098
2018-02-17,1347.5900216713
2018-02-18,1347.9450577594
2018-02-19,1345.8702756036
2018-02-20,1329.7296302925
2018-02-21,1325.6054180259
2018-02-22,1330.676652719
2018-02-23,1329.175049041
2018-02-24,1329.3276260867
2018-02-25,1328.4799532375
2018-02-26,1332.3140994442
2018-02-27,1317.7344283126
2018-02-28,1317.5513416287
2018-03-01,1316.9354129759
2018-03-02,1322.4758693604
2018-03-03,1322.6288571164
2018-03-04,1322.9788191091
2018-03-05,1320.6640826293
2018-03-06,1337.4041105032
2018-03-07,1324.8554470584
2018-03-08,1321.3166687077
2018-03-09,1323.2808509908
2018-03-10,1323.1013495634
2018-03-11,1322.9788191091
2018-03-12,1324.0869704701
2018-03-13,1326.2268567309
2018-03-14,1324.8046010562
2018-03-15,1315.8591529376
2018-03-16,1313.6665062175
2018-03-17,1314.00001314
2018-03-18,1312.7666557269
2018-03-19,1317.0746586887
2018-03-20,1310.5203370878
2018-03-21,1331.8218676272
2018-03-22,1331.5855142962
2018-03-23,1347.2109258671
2018-03-24,1347.4365020548
2018-03-25,1348.0268257338
2018-03-26,1353.0789494197
2018-03-27,1345.1973519001
2018-03-28,1325.8208261545
2018-03-29,1324.6629673219
2018-03-30,1323.103094874
2018-03-31,1322.6550978434
2018-04-01,1326.4622588326
2018-04-02,1341.6489335074
2018-04-03,1333.0269122749
2018-04-04,1333.2621911641
2018-04-05,1329.4969889488
2018-04-06,1333.1440517961
2018-04-07,1333.2711140147
2018-04-08,1332.9689884765
2018-04-09,1336.4542007054
2018-04-10,1341.0876698443
2018-04-11,1353.0289443235
2018-04-12,1337.2209106471
2018-04-13,1345.3886760118
2018-04-14,1345.5780939886
2018-04-15,1343.9956992138
2018-04-16,1347.1605652752
2018-04-17,1346.4023501241
2018-04-18,1350.308932449
2018-04-19,1345.1920196223
2018-04-20,1335.8026028224
2018-04-21,1336.3445630821
2018-04-22,1333.2177877917
2018-04-23,1324.3004219651
2018-04-24,1331.1966490556
2018-04-25,1322.8666730641
2018-04-26,1317.4995455536
2018-04-27,1323.1492600575
2018-04-28,1323.2239027166
2018-04-29,1323.0925966354
2018-04-30,1315.3134285538
2018-05-01,1304.8717750073
2018-05-02,1305.3008438245
2018-05-03,1312.1598018018
2018-05-04,1315.1326396507
2018-05-05,1315.3740923919
2018-05-06,1314.397250281
2018-05-07,1315.1772561484
2018-05-08,1315.4209962882
2018-05-09,1312.4147165437
2018-05-10,1321.0699638501
2018-05-11,1318.4613581246
2018-05-12,1318.8523346983
2018-05-13,1319.7748464112
2018-05-14,1313.432665867
2018-05-15,1298.9320682239
2018-05-16,1291.3269734329
2018-05-17,1289.9820262504
2018-05-18,1292.2604392706
2018-05-19,1292.6409948165
2018-05-20,1291.572489506
2018-05-21,1292.2734312024
2018-05-22,1292.99123611
2018-05-23,1294.4787175585
2018-05-24,1304.7989107954
2018-05-25,1301.0335370209
2018-05-26,1300.9653162647
2018-05-27,1298.7265985701
2018-05-28,1298.1819539449
2018-05-29,1300.7341789751
2018-05-30,1301.9184551488
2018-05-31,1299.312419415
2018-06-01,1293.1587683455
2018-06-02,1293.3682542762
2018-06-03,1293.2595313227
2018-06-04,1291.7195835627
2018-06-05,1296.559605176
2018-06-06,1296.8290714709
2018-06-07,1297.0412504852
2018-06-08,1298.4730683648
2018-06-09,1298.7097318814
2018-06-10,1298.9712147979
2018-06-11,1298.8898648069
2018-06-12,1295.498426087
2018-06-13,1299.1460058982
2018-06-14,1302.1288563249
2018-06-15,1279.8302685562
2018-06-16,1280.245807195
2018-06-17,1280.7131010547
2018-06-18,1279.9138690763
2018-06-19,1275.0269405032
2018-06-20,1268.7724586795
2018-06-21,1267.2106762764
2018-06-22,1268.9824487738
2018-06-23,1269.2288165711
2018-06-24,1270.8902586262
2018-06-25,1265.6071328351
2018-06-26,1258.2529026887
2018-06-27,1252.5810779879
2018-06-28,1248.3412119777
2018-06-29,1252.7442472758
2018-06-30,1252.9915172474
2018-07-01,1253.3055935029
2018-07-02,1242.0275570124
2018-07-03,1254.050712503
2018-07-04,1256.4857784761
2018-07-05,1257.520945208
2018-07-06,1254.6311565062
2018-07-07,1254.8468459425
2018-07-08,1256.3918937595
2018-07-09,1257.8981078072
2018-07-10,1255.9307423713
2018-07-11,1242.2676117475
2018-07-12,1246.0424883325
2018-07-13,1241.0685607642
2018-07-14,1241.1028439872
2018-07-15,1240.9642292061
2018-07-16,1240.5223626408
2018-07-17,1227.1162119741
2018-07-18,1226.9564095079
2018-07-19,1223.3100121626
2018-07-20,1231.5808908623
2018-07-21,1231.6863633844
2018-07-22,1232.9696072992
2018-07-23,1224.1533513238
2018-07-24,1224.9581026145
2018-07-25,1232.4468180992
2018-07-26,1223.4861198362
2018-07-27,1222.7721525311
2018-07-28,1227.3176359408
2018-07-29,1222.5163053112
2018-07-30,1222.0956657514
2018-07-31,1223.8566543187
2018-08-01,1217.1355778091
2018-08-02,1207.8966478821
2018-08-03,1213.3704102192
2018-08-04,1213.5406869854
2018-08-05,1214.9856327949
2018-08-06,1207.9878696157
2018-08-07,1211.7543156971
2018-08-08,1213.392748247
2018-08-09,1212.0952896437
2018-08-10,1210.9195263573
2018-08-11,1210.9542925302
2018-08-12,1212.253457953
2018-08-13,1193.163472563
2018-08-14,1193.6400225178
2018-08-15,1178.8117302969
2018-08-16,1178.5698092351
2018-08-17,1185.4451052974
2018-08-18,1231.5270935961
2018-08-19,1230.7692307692
2018-08-20,1190.6481240427
2018-08-21,1196.0119248232
2018-08-22,1195.4796231319
2018-08-23,1184.7831984551
2018-08-24,1205.9637754171
2018-08-25,1206.1707696576
2018-08-26,1207.6346663607
2018-08-27,1210.8846569603
2018-08-28,1201.8621465503
2018-08-29,1207.0595255704
2018-08-30,1200.2253622068
2018-08-31,1200.881574462
2018-09-01,1200.7973294267
2018-09-02,1199.1270355181
2018-09-03,1200.5735629181
2018-09-04,1191.6912603771
2018-09-05,1197.0262398098
2018-09-06,1200.4787095289
2018-09-07,1195.8251051731
2018-09-08,1196.0577935126
2018-09-09,1196.2080205748
2018-09-10,1195.0958015982
2018-09-11,1197.4335631569
2018-09-12,1205.9934389345
2018-09-13,1201.5872941135
2018-09-14,1193.4098892033
2018-09-15,1193.4598400764
2018-09-16,1193.4028689405
2018-09-17,1199.3497412281
2018-09-18,1198.7550364257
2018-09-19,1203.6665526928
2018-09-20,1207.294382781
2018-09-21,1199.2057624902
2018-09-22,1199.2636521176
2018-09-23,1197.8343155575
2018-09-24,1198.9687776867
2018-09-25,1201.378284721
2018-09-26,1195.5960060802
2018-09-27,1183.183097804
2018-09-28,1191.9024631638
2018-09-29,1192.0087731846
2018-09-30,1190.7384364414
2018-10-01,1188.607344917
2018-10-02,1204.883972939
2018-10-03,1197.5246082999
2018-10-04,1199.156973789
2018-10-05,1202.90843482
2018-10-06,1203.1377833389
2018-10-07,1203.6229049439
2018-10-08,1189.5886370707
2018-10-09,1189.8658363571
2018-10-10,1194.4346534399
2018-10-11,1222.0040287602
2018-10-12,1217.8858729504
2018-10-13,1218.0638874509
2018-10-14,1219.4155341345
2018-10-15,1226.8024035468
2018-10-16,1224.8480313749
2018-10-17,1222.3628136138
2018-10-18,1225.4752446914
2018-10-19,1226.4451809843
2018-10-20,1226.7379810346
2018-10-21,1227.1745533085
2018-10-22,1222.1126774158
2018-10-23,1230.9026587832
2018-10-24,1234.4466505954
2018-10-25,1231.6626308659
2018-10-26,1233.8122787075
2018-10-27,1234.1336690177
2018-10-28,1232.9696072992
2018-10-29,1229.8569944026
2018-10-30,1222.5757443593
2018-10-31,1215.6240526451
2018-11-01,1232.9840072453
2018-11-02,1232.8519576821
2018-11-03,1233.0380207274
2018-11-04,1234.3240841315
2018-11-05,1231.2455240501
2018-11-06,1227.0751669757
2018-11-07,1225.780455326
2018-11-08,1223.5572257714
2018-11-09,1209.3476701635
2018-11-10,1209.4165170014
2018-11-11,1210.7417003656
2018-11-12,1201.5953580909
2018-11-13,1202.8172666299
2018-11-14,1210.8770920714
2018-11-15,1213.5119800114
2018-11-16,1221.2302052843
2018-11-17,1221.220207737
2018-11-18,1222.5686166636
2018-11-19,1224.0467340487
2018-11-20,1221.3026888641
2018-11-21,1225.7602479921
2018-11-22,1227.0514590322
2018-11-23,1222.7001327138
2018-11-24,1222.8302405918
2018-11-25,1224.2074786835
2018-11-26,1222.4773774484
2018-11-27,1214.6570521368
2018-11-28,1221.0456017474
2018-11-29,1223.9832848735
2018-11-30,1222.2344126163
2018-12-01,1222.4116960351
2018-12-02,1222.2846945511
2018-12-03,1231.2755389444
2018-12-04,1238.7019740644
2018-12-05,1237.7851911224
2018-12-06,1237.6089636263
2018-12-07,1248.2689163185
2018-12-08,1248.2855974748
2018-12-09,1248.7590456983
2018-12-10,1244.1684271612
2018-12-11,1243.2850561088
2018-12-12,1246.1603339277
2018-12-13,1242.2802198428
2018-12-14,1238.105850266
2018-12-15,1238.0987755203
2018-12-16,1237.3787368838
2018-12-17,1245.684616144
2018-12-18,1249.5966623506
2018-12-19,1243.704390632
2018-12-20,1261.4624923178
2018-12-21,1255.992623838
2018-12-22,1256.0289389068
2018-12-23,1259.2000302208
2018-12-24,1268.912672231
2018-12-25,1268.2388601069
2018-12-26,1268.4086892665
2018-12-27,1274.5977371196
2018-12-28,1280.6385962657
2018-12-29,1280.6228949761
2018-12-30,1280.1392791536
2018-12-31,1281.9979824425
2019-01-01,1281.2913893663
2019-01-02,1285.3318403003
2019-01-03,1294.7327402272
2019-01-04,1285.0480337144
2019-01-05,1285.1570783239
2019-01-06,1284.0102207214
2019-01-07,1288.7384347956
2019-01-08,1285.1923311121
2019-01-09,1293.2342772629
2019-01-10,1287.674351786
2019-01-11,1287.344231348
2019-01-12,1287.2663611555
2019-01-13,1288.4356458606
2019-01-14,1291.7617848739
2019-01-15,1289.756324366
2019-01-16,1293.3642548496
2019-01-17,1291.9265617055
2019-01-18,1281.5950031391
2019-01-19,1281.5416249727
2019-01-20,1282.3800974609
2019-01-21,1279.9306608759
2019-01-22,1284.8305804618
2019-01-23,1283.1506697477
2019-01-24,1281.3403284011
2019-01-25,1303.2557782024
2019-01-26,1303.3136750187
2019-01-27,1300.2548499506
2019-01-28,1303.7362793615
2019-01-29,1311.0991530787
2019-01-30,1319.3673413832
2019-01-31,1320.8850204905
2019-02-01,1317.7455267729
2019-02-02,1317.6532595448
2019-02-03,1317.3755244801
2019-02-04,1311.9426538561
2019-02-05,1314.6851441882
2019-02-06,1306.6834657206
2019-02-07,1310.3519169509
2019-02-08,1314.0657425304
2019-02-09,1314.1036170702
2019-02-10,1313.8964255448
2019-02-11,1307.751360396
2019-02-12,1310.5463062391
2019-02-13,1307.0036372764
2019-02-14,1312.2691550903
2019-02-15,1321.1223227006
2019-02-16,1321.1784912142
2019-02-17,1321.1086743996
2019-02-18,1326.2936544025
2019-02-19,1340.4180858216
2019-02-20,1339.8269047349
2019-02-21,1325.091231356
2019-02-22,1327.8528291174
2019-02-23,1327.9242552005
2019-02-24,1327.871355823
2019-02-25,1327.5420788312
2019-02-26,1329.1835355923
2019-02-27,1320.67216133
2019-02-28,1313.6853338553
2019-03-01,1293.5447863036
2019-03-02,1293.5482875431
2019-03-03,1295.3283981321
2019-03-04,1286.8609966381
2019-03-05,1287.9505024306
2019-03-06,1286.8868106231
2019-03-07,1285.6387334676
2019-03-08,1298.3527728789
2019-03-09,1298.5242272158
2019-03-10,1297.185108315
2019-03-11,1292.870772191
2019-03-12,1301.9698872672
2019-03-13,1309.1550247849
2019-03-14,1296.3803910781
2019-03-15,1301.787995338
2019-03-16,1302.1172426365
2019-03-17,1300.5254122666
2019-03-18,1303.5743234041
2019-03-19,1306.0167241019
2019-03-20,1314.5161081742
2019-03-21,1308.9220421632
2019-03-22,1313.5258175634
2019-03-23,1313.7238158422
2019-03-24,1312.1207151058
2019-03-25,1321.5369383811
2019-03-26,1315.9086742662
2019-03-27,1309.2754976824
2019-03-28,1291.2591349968
2019-03-29,1292.0042871407
2019-03-30,1292.0564370252
2019-03-31,1291.8811727697
2019-04-01,1287.2882845119
2019-04-02,1292.1984810736
2019-04-03,1291.2160615173
2019-04-04,1292.1126807823
2019-04-05,1291.5872907748
2019-04-06,1291.7309841053
2019-04-07,1291.9145527715
2019-04-08,1297.9865911588
2019-04-09,1304.5300053367
2019-04-10,1308.2807254722
2019-04-11,1292.2138340717
2019-04-12,1290.2760760711
2019-04-13,1290.4141584241
2019-04-14,1290.0895322135
2019-04-15,1288.2626916109
2019-04-16,1276.6584029921
2019-04-17,1273.9721325856
2019-04-18,1275.3976447853
2019-04-19,1274.7098197623
2019-04-20,1275.5915555839
2019-04-21,1277.0087347397
2019-04-22,1274.9715396805
2019-04-23,1271.9728945221
2019-04-24,1275.093666879
2019-04-25,1278.1534500675
2019-04-26,1285.8011575572
2019-04-27,1285.7767377273
2019-04-28,1285.6444935846
2019-04-29,1280.172189074
2019-04-30,1283.4330789762
2019-05-01,1276.8776983984
2019-05-02,1270.5932375797
2019-05-03,1278.8772780651
2019-05-04,1278.8459693972
2019-05-05,1284.001977363
2019-05-06,1281.6819898612
2019-05-07,1284.8547497433
2019-05-08,1281.3412615298
2019-05-09,1283.7333372528
2019-05-10,1285.5580428136
2019-05-11,1285.5370652474
2019-05-12,1287.1420940515
2019-05-13,1301.0527880361
2019-05-14,1297.0427689672
2019-05-15,1296.6648404954
2019-05-16,1285.9072540566
2019-05-17,1277.2624301739
2019-05-18,1277.3186526843
2019-05-19,1277.4655084313
2019-05-20,1277.3828687131
2019-05-21,1274.4519929477
2019-05-22,1273.86869866
2019-05-23,1283.6680164039
2019-05-24,1284.9973482218
2019-05-25,1285.1735948233
2019-05-26,1285.0249616099
2019-05-27,1285.3353370265
2019-05-28,1279.8120746547
2019-05-29,1279.8642529603
2019-05-30,1289.6923033385
2019-05-31,1305.4110235376
2019-06-01,1305.4915502059
2019-06-02,1309.1318492142
2019-06-03,1325.4232009821
2019-06-04,1325.5243225273
2019-06-05,1330.7935340412
2019-06-06,1333.9048929036
2019-06-07,1340.4576458619
2019-06-08,1340.5364827004
2019-06-09,1335.1758760423
2019-06-10,1328.9653628327
2019-06-11,1327.4622852966
2019-06-12,1333.3762901681
2019-06-13,1343.5417144701
2019-06-14,1341.1185613487
2019-06-15,1341.0128670185
2019-06-16,1338.741850409
2019-06-17,1339.8497282822
2019-06-18,1345.8419496293
2019-06-19,1358.8283288161
2019-06-20,1389.9021614593
2019-06-21,1398.8523738381
2019-06-22,1398.9535827201
2019-06-23,1406.8852966418
2019-06-24,1423.016819338
2019-06-25,1420.0143052731
2019-06-26,1409.8998107485
2019-06-27,1410.3164283803
2019-06-28,1409.7659292523
2019-06-29,1410.0991299688
2019-06-30,1392.534621892
2019-07-01,1384.8948317294
2019-07-02,1426.7087578147
2019-07-03,1418.4865565331
2019-07-04,1418.8765161199
2019-07-05,1399.1001305458
2019-07-06,1398.8753042554
2019-07-07,1396.2190388428
2019-07-08,1394.7759286073
2019-07-09,1395.9657047865
2019-07-10,1421.1267710707
2019-07-11,1404.0318333909
2019-07-12,1415.7577139948
2019-07-13,1415.8891075651
2019-07-14,1416.3503484222
2019-07-15,1415.2387586873
2019-07-16,1405.262167517
2019-07-17,1425.3356892347
2019-07-18,1443.9995792495
2019-07-19,1424.867647899
2019-07-20,1424.8464727926
2019-07-21,1424.7957199137
2019-07-22,1424.3307877488
2019-07-23,1416.8377970025
2019-07-24,1425.231879769
2019-07-25,1414.5748404542
2019-07-26,1418.3629448884
2019-07-27,1418.3894188149
2019-07-28,1420.3234076399
2019-07-29,1425.2556574184
2019-07-30,1430.705626135
2019-07-31,1412.7029280201
2019-08-01,1440.7110416642
2019-08-02,1440.6764804058
2019-08-03,1440.7872461513
2019-08-04,1439.232025791
2019-08-05,1470.8573237818
2019-08-06,1475.9886964124
2019-08-07,1501.2675948135
2019-08-08,1502.6998507318
2019-08-09,1497.0627060423
2019-08-10,1497.1740839166
2019-08-11,1501.354972863
2019-08-12,1512.0773503493
2019-08-13,1501.2307203733
2019-08-14,1516.8417791612
2019-08-15,1524.9650354704
2019-08-16,1513.4003540715
2019-08-17,1513.2255916712
2019-08-18,1510.0379774551
2019-08-19,1496.1053974729
2019-08-20,1506.3824959498
2019-08-21,1502.8185652349
2019-08-22,1497.7313337992
2019-08-23,1526.5038818882
2019-08-24,1526.7059030084
2019-08-25,1547.7480266213
2019-08-26,1527.8932226782
2019-08-27,1543.0095784263
2019-08-28,1538.724280404
2019-08-29,1528.3296176977
2019-08-30,1520.8125732248
2019-08-31,1521.2943172051
2019-09-01,1529.1455134871
2019-09-02,1527.7986320514
2019-09-03,1548.7965465145
2019-09-04,1552.1807279655
2019-09-05,1518.3304155028
2019-09-06,1507.0816784823
2019-09-07,1507.2725902479
2019-09-08,1505.9106994955
2019-09-09,1497.620874123
2019-09-10,1486.9342968227
2019-09-11,1494.2926757203
2019-09-12,1497.8842791835
2019-09-13,1488.3832923973
2019-09-14,1488.3499408381
2019-09-15,1506.1148261943
2019-09-16,1497.6028556254
2019-09-17,1501.5162905632
2019-09-18,1491.7202907423
2019-09-19,1499.3167556532
2019-09-20,1516.9638780013
2019-09-21,1517.0708396229
2019-09-22,1514.8072407786
2019-09-23,1521.6234048272
2019-09-24,1531.6619492663
2019-09-25,1505.4314791454
2019-09-26,1506.071701657
2019-09-27,1496.8946397781
2019-09-28,1497.062015794
2019-09-29,1496.6699094515
2019-09-30,1472.8206949665
2019-10-01,1480.6226606065
2019-10-02,1499.5383537063
2019-10-03,1507.1497529143
2019-10-04,1504.2050625719
2019-10-05,1504.1326043304
2019-10-06,1508.3070008069
2019-10-07,1492.6669871815
2019-10-08,1507.4490155568
2019-10-09,1511.662929394
2019-10-10,1494.2887962147
2019-10-11,1488.8198800625
2019-10-12,1488.5050199832
2019-10-13,1485.3323431118
2019-10-14,1492.2239458472
2019-10-15,1481.4698331089
2019-10-16,1489.9393109758
2019-10-17,1492.356859786
2019-10-18,1490.2142237624
2019-10-19,1490.2463377196
2019-10-20,1492.169838771
2019-10-21,1484.0531465337
2019-10-22,1488.2199041389
2019-10-23,1492.1967977273
2019-10-24,1503.2731178351
2019-10-25,1504.1682295648
2019-10-26,1504.0873573937
2019-10-27,1503.9177056231
2019-10-28,1492.2615145812
2019-10-29,1487.6273253233
2019-10-30,1495.1133352572
2019-10-31,1512.7535366386
2019-11-01,1513.4329599232
2019-11-02,1513.3744466725
2019-11-03,1512.8821918637
2019-11-04,1507.3509049739
2019-11-05,1483.9991887471
2019-11-06,1490.3367470972
2019-11-07,1468.3485975832
2019-11-08,1458.3426967364
2019-11-09,1458.310547231
2019-11-10,1461.5609470915
2019-11-11,1455.6760544125
2019-11-12,1457.7204545917
2019-11-13,1463.5665720891
2019-11-14,1469.0234067162
2019-11-15,1467.222653551
2019-11-16,1467.4590945777
2019-11-17,1468.795440859
2019-11-18,1471.3365385558
2019-11-19,1474.4390647517
2019-11-20,1474.3295730724
2019-11-21,1464.5456574417
2019-11-22,1462.3632865593
2019-11-23,1462.1700065067
2019-11-24,1460.1737606775
2019-11-25,1453.8293725985
2019-11-26,1460.4892940073
2019-11-27,1457.3786263639
2019-11-28,1456.0363459891
2019-11-29,1464.0454342785
2019-11-30,1464.0431014289
2019-12-01,1461.9776171227
2019-12-02,1462.4487516002
2019-12-03,1477.0920231702
2019-12-04,1475.3662892444
2019-12-05,1476.3802958791
2019-12-06,1460.2378410471
2019-12-07,1459.9818962245
2019-12-08,1459.9499237176
2019-12-09,1461.4286231731
2019-12-10,1464.1763402312
2019-12-11,1474.7344035841
2019-12-12,1465.7169321554
2019-12-13,1475.6400181858
2019-12-14,1475.2852832917
2019-12-15,1474.5673987894
2019-12-16,1475.1270895488
2019-12-17,1475.4619258954
2019-12-18,1475.5221610263
2019-12-19,1478.8641332218
2019-12-20,1478.3639620774
2019-12-21,1478.7212019046
2019-12-22,1478.9398958826
2019-12-23,1485.6956863804
2019-12-24,1498.9906679646
2019-12-25,1499.3964929116
2019-12-26,1510.9461908232
2019-12-27,1510.7333965891
2019-12-28,1510.8250615661
2019-12-29,1513.2026935008
2019-12-30,1515.1517588667
2019-12-31,1518.232650164
2020-01-01,1519.0757942868
2020-01-02,1528.7456129579
2020-01-03,1550.4079938115
2020-01-04,1551.3135747694
2020-01-05,1569.5383987569
2020-01-06,1564.5214400376
2020-01-07,1587.2640432139
2020-01-08,1557.6357949066
2020-01-09,1552.4224304821
2020-01-10,1561.6115491772
2020-01-11,1562.2681008288
2020-01-12,1559.6852555154
2020-01-13,1546.1671607075
2020-01-14,1549.9773914588
2020-01-15,1555.8437649133
2020-01-16,1552.3111976073
2020-01-17,1557.1649409222
2020-01-18,1557.4625819615
2020-01-19,1557.4019420802
2020-01-20,1561.5912659157
2020-01-21,1556.8587599379
2020-01-22,1560.8552453345
2020-01-23,1561.3736703879
2020-01-24,1570.9895406479
2020-01-25,1570.7094109054
2020-01-26,1582.1533106558
2020-01-27,1581.6935796124
2020-01-28,1567.2779962299
2020-01-29,1577.0640026723
2020-01-30,1574.6408848738
2020-01-31,1588.5220500046
2020-02-01,1589.6103070332
2020-02-02,1589.7113878975
2020-02-03,1578.2598813271
2020-02-04,1553.8389879756
2020-02-05,1555.9066119163
2020-02-06,1565.8018086143
2020-02-07,1570.1032655922
2020-02-08,1570.1298497386
2020-02-09,1574.8031496063
2020-02-10,1572.0940440919
2020-02-11,1567.3399018257
2020-02-12,1568.2877377248
2020-02-13,1576.9558221261
2020-02-14,1584.3293695557
2020-02-15,1584.3341043759
2020-02-16,1582.6916837465
2020-02-17,1584.5098318835
2020-02-18,1600.8791725451
2020-02-19,1610.7212382248
2020-02-20,1621.6912898175
2020-02-21,1643.9249002389
2020-02-22,1644.1824713707
2020-02-23,1666.2362223092
2020-02-24,1655.6964660171
2020-02-25,1638.2155316403
2020-02-26,1642.6619959308
2020-02-27,1644.0861087444
2020-02-28,1585.3234245968
2020-02-29,1585.6152980164
2020-03-01,1585.5398763279
2020-03-02,1592.2122253619
2020-03-03,1645.3263402887
2020-03-04,1636.5116384599
2020-03-05,1673.8718506118
2020-03-06,1674.4167603268
2020-03-07,1674.7753707534
2020-03-08,1700.260990062
2020-03-09,1666.6259260329
2020-03-10,1652.581137271
2020-03-11,1642.7993030081
2020-03-12,1576.5749245493
2020-03-13,1529.2625863213
2020-03-14,1529.1688967046
2020-03-15,1557.9600071666
2020-03-16,1507.20888698
2020-03-17,1539.3847827833
2020-03-18,1496.7445005911
2020-03-19,1470.6042237479
2020-03-20,1497.5765251724
2020-03-21,1497.6898134627
2020-03-22,1492.3479857033
2020-03-23,1562.5246966479
2020-03-24,1635.1237227802
2020-03-25,1610.0053287185
2020-03-26,1625.1899662392
2020-03-27,1622.5082665897
2020-03-28,1622.1126395017
2020-03-29,1626.6775111834
2020-03-30,1616.5265815726
2020-03-31,1576.5767122624
2020-04-01,1591.6829030679
2020-04-02,1612.8689071912
2020-04-03,1619.3888298227
2020-04-04,1619.4331983806
2020-04-05,1618.6206115149
2020-04-06,1663.6950455279
2020-04-07,1648.6984929504
2020-04-08,1646.9324644975
2020-04-09,1683.7022654354
2020-04-10,1686.1416021718
2020-04-11,1686.1416021718
2020-04-12,1687.1514977687
2020-04-13,1717.1173053984
2020-04-14,1726.2191544079
2020-04-15,1716.2694628815
2020-04-16,1714.9888416064
2020-04-17,1684.2502705982
2020-04-18,1684.1254336623
2020-04-19,1676.9097906378
2020-04-20,1692.0245678038
2020-04-21,1687.5859472286
2020-04-22,1712.4973714584
2020-04-23,1729.0362326387
2020-04-24,1728.0404563306
2020-04-25,1728.0857130514
2020-04-26,1724.702919922
2020-04-27,1711.0768537715
2020-04-28,1705.30191715
2020-04-29,1714.724279833
2020-04-30,1685.8230398881
2020-05-01,1700.0639175622
2020-05-02,1700.5356687357
2020-05-03,1698.7446277201
2020-05-04,1702.9707093334
2020-05-05,1704.5271077311
2020-05-06,1688.3040390341
2020-05-07,1715.8179296134
2020-05-08,1702.1465241034
2020-05-09,1702.8957742641
2020-05-10,1706.644821613
2020-05-11,1697.2557293654
2020-05-12,1702.6344785632
2020-05-13,1717.4341820563
2020-05-14,1732.854718355
2020-05-15,1742.9527066066
2020-05-16,1743.7551767732
2020-05-17,1757.9790273102
2020-05-18,1734.4109215663
2020-05-19,1745.0712341928
2020-05-20,1747.899316282
2020-05-21,1726.3518448787
2020-05-22,1735.4529773848
2020-05-23,1735.7796254188
2020-05-24,1730.5529116553
2020-05-25,1727.7775706677
2020-05-26,1712.1443948098
2020-05-27,1710.7366550724
2020-05-28,1720.182038496
2020-05-29,1729.6912430292
2020-05-30,1731.391865921
2020-05-31,1739.4783304487
2020-06-01,1742.1657661226
2020-06-02,1727.5604453564
2020-06-03,1699.8456488872
2020-06-04,1713.0811032962
2020-06-05,1684.1403880141
2020-06-06,1683.6859252275
2020-06-07,1681.1949934013
2020-06-08,1697.9324094944
2020-06-09,1713.8738138498
2020-06-10,1735.479820026
2020-06-11,1728.0062699786
2020-06-12,1731.3176418063
2020-06-13,1731.6766959609
2020-06-14,1732.8019407382
2020-06-15,1724.6436946795
2020-06-16,1726.8180562436
2020-06-17,1727.9322447474
2020-06-18,1723.4428527211
2020-06-19,1742.8740749624
2020-06-20,1742.8890128277
2020-06-21,1748.8020705817
2020-06-22,1754.7918066149
2020-06-23,1768.495991546
2020-06-24,1762.4558613308
2020-06-25,1764.7139724405
2020-06-26,1770.5866611628
2020-06-27,1770.5695922378
2020-06-28,1770.663644734
2020-06-29,1773.1102237664
2020-06-30,1783.3899587063
2020-07-01,1768.1743550149
2020-07-02,1775.7075013867
2020-07-03,1775.7415940832
2020-07-04,1775.7415940832
2020-07-05,1775.8677333712
2020-07-06,1785.0605075605
2020-07-07,1794.9862061665
2020-07-08,1808.8289691915
2020-07-09,1804.4045373522
2020-07-10,1798.9064438014
2020-07-11,1798.8846914913
2020-07-12,1801.0391996182
2020-07-13,1801.9884329482
2020-07-14,1808.4805112543
2020-07-15,1812.0237550481
2020-07-16,1797.8746750095
2020-07-17,1810.4377632682
2020-07-18,1810.8068955527
2020-07-19,1808.7598238268
2020-07-20,1818.1599311021
2020-07-21,1842.427433141
2020-07-22,1869.3986259448
2020-07-23,1885.2628815319
2020-07-24,1901.24207809
2020-07-25,1901.3756452794
2020-07-26,1912.942009163
2020-07-27,1957.2719081249
2020-07-28,1957.3135027455
2020-07-29,1968.4543010178
2020-07-30,1957.835699344
2020-07-31,1974.2608386274
2020-08-01,1974.0413561664
2020-08-02,1981.159176234
2020-08-03,1975.2048865393
2020-08-04,2028.3446552235
2020-08-05,2036.4520303667
2020-08-06,2069.5240564701
2020-08-07,2034.1424621816
2020-08-08,2033.8638328164
2020-08-09,2027.8422744279
2020-08-10,2028.6845861146
2020-08-11,1911.4676719017
2020-08-12,1922.2242908738
2020-08-13,1958.0927219542
2020-08-14,1944.5171525274
2020-08-15,1944.9009559188
2020-08-16,1933.9741234262
2020-08-17,1984.4628575593
2020-08-18,2003.4558106684
2020-08-19,1929.2006043548
2020-08-20,1949.1480094046
2020-08-21,1939.1967796845
2020-08-22,1939.0930861636
2020-08-23,1934.6663184267
2020-08-24,1931.026380578
2020-08-25,1929.4113688083
2020-08-26,1953.4123764586
2020-08-27,1927.9492802892
2020-08-28,1964.6269893002
2020-08-29,1964.6944408971
2020-08-30,1972.989770048
2020-08-31,1968.6865450587
2020-09-01,1971.7024482422
2020-09-02,1944.3292451021
2020-09-03,1928.9438403138
2020-09-04,1933.4035123997
2020-09-05,1933.8806215492
2020-09-06,1934.404348541
2020-09-07,1930.0535088309
2020-09-08,1930.6564574461
2020-09-09,1947.7970396769
2020-09-10,1947.8465467206
2020-09-11,1941.2253004431
2020-09-12,1941.0879798127
2020-09-13,1942.2755700579
2020-09-14,1956.9076178445
2020-09-15,1954.1900113641
2020-09-16,1959.9880063322
2020-09-17,1946.3532944928
2020-09-18,1949.7974882271
2020-09-19,1949.8498615607
2020-09-20,1948.9568208616
2020-09-21,1915.1625387391
2020-09-22,1902.8108515827
2020-09-23,1857.9414806297
2020-09-24,1868.3887192553
2020-09-25,1861.1923300575
2020-09-26,1861.7640214103
2020-09-27,1862.457512688
2020-09-28,1882.182636685
2020-09-29,1897.4654482465
2020-09-30,1886.6735846691
2020-10-01,1904.5190187159
2020-10-02,1899.8330179823
2020-10-03,1900.4000342072
2020-10-04,1903.9278030577
2020-10-05,1912.4517496562
2020-10-06,1878.9937696507
2020-10-07,1887.0309888775
2020-10-08,1894.1108388887
2020-10-09,1930.0823990539
2020-10-10,1930.4087640558
2020-10-11,1929.86857595
2020-10-12,1924.5388171078
2020-10-13,1892.6828255374
2020-10-14,1898.9262358706
2020-10-15,1906.3506942011
2020-10-16,1898.5884632065
2020-10-17,1898.3977522971
2020-10-18,1900.9961219679
2020-10-19,1904.0538230604
2020-10-20,1909.766163289
2020-10-21,1923.0189036887
2020-10-22,1904.6306983536
2020-10-23,1901.2180563281
2020-10-24,1901.4298752662
2020-10-25,1898.0554421995
2020-10-26,1901.722774424
2020-10-27,1905.632325646
2020-10-28,1878.7957728785
2020-10-29,1868.3090995825
2020-10-30,1878.8451265975
2020-10-31,1879.2930099696
2020-11-01,1876.4366468077
2020-11-02,1894.6954732592
2020-11-03,1911.5705612595
2020-11-04,1904.2926718877
2020-11-05,1946.5737011419
2020-11-06,1952.0273494522
2020-11-07,1952.2861270548
2020-11-08,1959.7275978639
2020-11-09,1867.1843034266
2020-11-10,1876.4577640632
2020-11-11,1865.2234101424
2020-11-12,1875.963527327
2020-11-13,1888.0988575632
2020-11-14,1888.1283927307
2020-11-15,1890.5557288565
2020-11-16,1889.4235990212
2020-11-17,1881.45526941
2020-11-18,1871.9271756033
2020-11-19,1864.2535764945
2020-11-20,1871.3153101078
2020-11-21,1871.7303210953
2020-11-22,1872.4312583674
2020-11-23,1835.8428359293
2020-11-24,1808.2885237842
2020-11-25,1807.3213886575
2020-11-26,1809.4064652136
2020-11-27,1787.6255159446
2020-11-28,1787.3739901337
2020-11-29,1786.2565421646
2020-11-30,1778.3888221179
2020-12-01,1812.5857623381
2020-12-02,1831.1254757165
2020-12-03,1840.6692758781
2020-12-04,1838.3759771831
2020-12-05,1838.7592052883
2020-12-06,1835.1822794799
2020-12-07,1864.4890326792
2020-12-08,1870.2650441033
2020-12-09,1836.0850201236
2020-12-10,1836.7642174154
2020-12-11,1839.0063453709
2020-12-12,1838.9959082341
2020-12-13,1838.1846088803
2020-12-14,1827.6362649291
2020-12-15,1852.6049347621
2020-12-16,1864.7569182463
2020-12-17,1884.4464333896
2020-12-18,1880.5379219973
2020-12-19,1880.476888939
2020-12-20,1883.2746379405
2020-12-21,1878.3465355351
2020-12-22,1863.2017164432
2020-12-23,1872.4413464416
2020-12-24,1876.3620640937
2020-12-25,1876.1153859211
2020-12-26,1876.2606125991
2020-12-27,1887.5403461749
2020-12-28,1874.8133701837
2020-12-29,1878.8120127091
2020-12-30,1894.1315586933
2020-12-31,1896.2251960311
2021-01-01,1896.7622262469
2021-01-02,1896.0940462647
2021-01-03,1912.7224735327
2021-01-04,1941.9611514129
2021-01-05,1949.6832125591
2021-01-06,1922.0341681744
2021-01-07,1914.9676605993
2021-01-08,1848.61173819
2021-01-09,1848.7876574936
2021-01-10,1844.7121326717
2021-01-11,1846.8073854025
2021-01-12,1857.1932520162
2021-01-13,1846.6732817788
2021-01-14,1847.3436083997
2021-01-15,1827.4539505409
2021-01-16,1827.8862323609
2021-01-17,1811.249671711
2021-01-18,1837.4714683361
2021-01-19,1840.6780414177
2021-01-20,1870.0323458997
2021-01-21,1869.5839361484
2021-01-22,1854.6263537346
2021-01-23,1855.6662769767
2021-01-24,1857.7864474479
2021-01-25,1855.2691662881
2021-01-26,1851.2347979808
2021-01-27,1840.6575970989
2021-01-28,1843.1232423123
2021-01-29,1846.20451742
2021-01-30,1846.261781458
2021-01-31,1855.5457623974
2021-02-01,1858.9224533587
2021-02-02,1837.4336107246
2021-02-03,1834.3267700055
2021-02-04,1794.3713144692
2021-02-05,1813.0355658509
2021-02-06,1813.7463838431
2021-02-07,1818.1487609316
2021-02-08,1830.7526370859
2021-02-09,1836.0437032971
2021-02-10,1841.977382151
2021-02-11,1826.7763703553
2021-02-12,1824.3536933464
2021-02-13,1824.8008686052
2021-02-14,1821.3111619055
2021-02-15,1818.4795685927
2021-02-16,1790.5986792386
2021-02-17,1777.9562111184
2021-02-18,1772.9083164948
2021-02-19,1783.8458949427
2021-02-20,1784.6148355031
2021-02-21,1784.6944603084
2021-02-22,1810.2873046708
2021-02-23,1805.3711180401
2021-02-24,1803.0871070506
2021-02-25,1770.1618037059
2021-02-26,1733.7924279561
2021-02-27,1733.9436815092
2021-02-28,1739.2363013401
2021-03-01,1724.1868606975
2021-03-02,1736.9806691207
2021-03-03,1710.180678927
2021-03-04,1695.5194891972
2021-03-05,1700.8655288335
2021-03-06,1700.8682932637
2021-03-07,1707.169257296
2021-03-08,1683.1827127175
2021-03-09,1715.4934150666
2021-03-10,1726.6503423863
2021-03-11,1722.7823486069
2021-03-12,1726.8793664988
2021-03-13,1727.115716753
2021-03-14,1724.7921625444
2021-03-15,1730.810683107
2021-03-16,1730.8516699083
2021-03-17,1747.1014019619
2021-03-18,1736.0798806892
2021-03-19,1745.0877851905
2021-03-20,1745.261614716
2021-03-21,1738.6919820219
2021-03-22,1739.1247328355
2021-03-23,1727.143757572
2021-03-24,1734.9784707397
2021-03-25,1727.1762192716
2021-03-26,1732.5633703586
2021-03-27,1732.8619948707
2021-03-28,1730.5529116553
2021-03-29,1712.1196562236
2021-03-30,1685.5602803482
2021-03-31,1706.9987563734
2021-04-01,1730.2496122951
2021-04-02,1731.8391149273
2021-04-03,1733.3425778271
2021-04-04,1727.6975838149
2021-04-05,1729.3195427565
2021-04-06,1743.0551824931
2021-04-07,1736.7820520808
2021-04-08,1754.8831398798
2021-04-09,1744.0638086114
2021-04-10,1744.5461127151
2021-04-11,1742.0388823079
2021-04-12,1732.5857573754
2021-04-13,1746.2364025958
2021-04-14,1736.2561088686
2021-04-15,1763.5979870593
2021-04-16,1776.5923945266
2021-04-17,1776.7354263277
2021-04-18,1778.1255000978
2021-04-19,1771.4979299123
2021-04-20,1776.7080710495
2021-04-21,1794.2466595534
2021-04-22,1783.2337127213
2021-04-23,1776.8204487736
2021-04-24,1776.640727712
2021-04-25,1775.5997088016
2021-04-26,1779.9529678165
2021-04-27,1776.1312221314
2021-04-28,1782.6156413829
2021-04-29,1772.551842843
2021-04-30,1769.1368703999
2021-05-01,1769.4104324439
2021-05-02,1769.5200176952
2021-05-03,1792.389678262
2021-05-04,1778.814070753
2021-05-05,1785.8511424242
2021-05-06,1814.9698105782
2021-05-07,1831.1377394774
2021-05-08,1831.4682881266
2021-05-09,1837.4077850968
2021-05-10,1835.3804587896
2021-05-11,1835.8015134945
2021-05-12,1817.0908449613
2021-05-13,1825.5790338338
2021-05-14,1843.7006775105
2021-05-15,1844.4569457637
2021-05-16,1847.7798924592
2021-05-17,1868.1140797369
2021-05-18,1869.1951379192
2021-05-19,1866.9460500175
2021-05-20,1874.469226333
2021-05-21,1880.6536832543
2021-05-22,1880.8305747818
2021-05-23,1883.4342540188
2021-05-24,1878.2489868488
2021-05-25,1898.3620182442
2021-05-26,1896.6529124395
2021-05-27,1897.2045176387
2021-05-28,1904.3707321806
2021-05-29,1904.5261062916
2021-05-30,1904.453564661
2021-05-31,1907.6325656604
2021-06-01,1898.874593995
2021-06-02,1908.0760234945
2021-06-03,1871.4484511658
2021-06-04,1890.5272218706
2021-06-05,1890.8059560388
2021-06-06,1889.9125915426
2021-06-07,1898.5010799121
2021-06-08,1893.410752612
2021-06-09,1889.1481449623
2021-06-10,1898.0227339412
2021-06-11,1876.5631159581
2021-06-12,1876.5246762995
2021-06-13,1873.1502641142
2021-06-14,1866.1275936529
2021-06-15,1858.7357276716
2021-06-16,1816.331533377
2021-06-17,1775.4151821462
2021-06-18,1763.8077862831
2021-06-19,1764.0417725092
2021-06-20,1769.6139587149
2021-06-21,1782.9880358127
2021-06-22,1777.6117186737
2021-06-23,1777.4525975098
2021-06-24,1775.5867968211
2021-06-25,1781.3875671668
2021-06-26,1781.9118131844
2021-06-27,1782.2929198414
2021-06-28,1778.5847604358
2021-06-29,1760.9145808004
2021-06-30,1768.2790518701
2021-07-01,1776.1853649202
2021-07-02,1787.7437910165
2021-07-03,1788.2209883497
2021-07-04,1786.0810702198
2021-07-05,1791.7223518691
2021-07-06,1795.7728677123
2021-07-07,1803.9724043724
2021-07-08,1803.7972532522
2021-07-09,1808.2817893316
2021-07-10,1808.4327217817
2021-07-11,1805.7712448987
2021-07-12,1807.1446169164
2021-07-13,1806.1949864536
2021-07-14,1826.1316821181
2021-07-15,1828.9882944063
2021-07-16,1811.6109877791
2021-07-17,1811.9716970021
2021-07-18,1815.4091932322
2021-07-19,1811.7779234282
2021-07-20,1809.3795609127
2021-07-21,1802.6414566333
2021-07-22,1807.4375477953
2021-07-23,1801.8101529298
2021-07-24,1802.0453214398
2021-07-25,1801.0878570657
2021-07-26,1797.8487201889
2021-07-27,1799.1142714345
2021-07-28,1808.231154173
2021-07-29,1829.8826212573
2021-07-30,1814.0314088658
2021-07-31,1814.2564270034
2021-08-01,1814.3387188954
2021-08-02,1812.5411069612
2021-08-03,1810.9112805752
2021-08-04,1811.5858266096
2021-08-05,1804.2077240977
2021-08-06,1763.3525308686
2021-08-07,1763.6839831039
2021-08-08,1718.6117054643
2021-08-09,1731.3758836624
2021-08-10,1727.7564157631
2021-08-11,1751.7442687342
2021-08-12,1753.4592359478
2021-08-13,1779.279558821
2021-08-14,1779.3436001459
2021-08-15,1779.1061770566
2021-08-16,1787.9146095167
2021-08-17,1785.9648061118
2021-08-18,1788.0212660805
2021-08-19,1779.5269730719
2021-08-20,1781.7220584206
2021-08-21,1782.1499857428
2021-08-22,1779.0587000418
2021-08-23,1805.0476303035
2021-08-24,1802.1237374398
2021-08-25,1791.4971207072
2021-08-26,1792.631441312
2021-08-27,1817.5891644992
2021-08-28,1818.049596393
2021-08-29,1818.3967196123
2021-08-30,1810.7678298901
2021-08-31,1814.2874015407
2021-09-01,1812.8391281549
2021-09-02,1809.0824215275
2021-09-03,1827.2648215925
2021-09-04,1827.8027069758
2021-09-05,1827.9363512562
2021-09-06,1823.8684996821
2021-09-07,1795.0719677418
2021-09-08,1790.6119001065
2021-09-09,1794.937120175
2021-09-10,1788.0118976121
2021-09-11,1788.3489068717
2021-09-12,1788.1090746536
2021-09-13,1792.9047136596
2021-09-14,1804.3678452208
2021-09-15,1794.3527629433
2021-09-16,1753.901133133
2021-09-17,1754.2376588371
2021-09-18,1754.2782460726
2021-09-19,1754.3090215341
2021-09-20,1764.2353084817
2021-09-21,1775.1693244044
2021-09-22,1767.2439047144
2021-09-23,1744.5164783947
2021-09-24,1750.329183334
2021-09-25,1750.5623681608
2021-09-26,1748.7714880297
2021-09-27,1750.816835419
2021-09-28,1735.0297630588
2021-09-29,1728.3712689369
2021-09-30,1754.7226304712
2021-10-01,1760.6506392018
2021-10-02,1760.7958797376
2021-10-03,1763.4507203696
2021-10-04,1768.138362923
2021-10-05,1759.9809359404
2021-10-06,1763.3948477298
2021-10-07,1754.9549537312
2021-10-08,1757.0269526559
2021-10-09,1757.2067441595
2021-10-10,1754.2320849048
2021-10-11,1753.8605319936
2021-10-12,1760.3211916753
2021-10-13,1792.195601017
2021-10-14,1795.31138504
2021-10-15,1767.222755693
2021-10-16,1767.2059590185
2021-10-17,1770.459876953
2021-10-18,1764.0925279854
2021-10-19,1769.1885169162
2021-10-20,1782.0327255279
2021-10-21,1784.4638962929
2021-10-22,1792.354898749
2021-10-23,1792.2913548826
2021-10-24,1794.8326767237
2021-10-25,1807.9052309321
2021-10-26,1792.7907676915
2021-10-27,1796.2352880366
2021-10-28,1798.9591039778
2021-10-29,1782.9519576152
2021-10-30,1783.0238301135
2021-10-31,1779.6602628558
2021-11-01,1792.3604361909
2021-11-02,1787.7584295689
2021-11-03,1774.2910131324
2021-11-04,1791.7426534121
2021-11-05,1817.5764815372
2021-11-06,1818.00001818
2021-11-07,1815.5410312273
2021-11-08,1824.5539610652
2021-11-09,1829.8646382541
2021-11-10,1848.9339394634
2021-11-11,1862.0654676398
2021-11-12,1864.7578140454
2021-11-13,1865.1148910773
2021-11-14,1865.6368351337
2021-11-15,1862.8872526137
2021-11-16,1850.701631207
2021-11-17,1866.4491951615
2021-11-18,1858.8628449485
2021-11-19,1845.2080169539
2021-11-20,1845.5121757666
2021-11-21,1844.9844098817
2021-11-22,1807.4855095786
2021-11-23,1789.7278417904
2021-11-24,1788.9964972162
2021-11-25,1790.8486997593
2021-11-26,1792.5603554435
2021-11-27,1792.3556033517
2021-11-28,1790.4853536687
2021-11-29,1794.3990489398
2021-11-30,1784.6078288604
2021-12-01,1771.4376371403
2021-12-02,1781.4623169058
2021-12-03,1768.3553517153
2021-12-04,1782.2816748614
2021-12-05,1781.2130966044
2021-12-06,1781.052920372
2021-12-07,1781.6047598208
2021-12-08,1784.0016441359
2021-12-09,1785.509908598
2021-12-10,1783.760112805
2021-12-11,1782.939903871
2021-12-12,1782.6001469219
2021-12-13,1786.06990499
2021-12-14,1789.1001577629
2021-12-15,1772.6498562735
2021-12-16,1783.1500522552
2021-12-17,1798.9299964381
2021-12-18,1798.1601225626
2021-12-19,1797.8998731582
2021-12-20,1790.8999003364
2021-12-21,1790.0401094287
2021-12-22,1804.349999152
2021-12-23,1808.8501248287
2021-12-24,1808.4801442444
2021-12-25,1814.9498874187
2021-12-26,1808.260059622
2021-12-27,1811.6998853919
2021-12-28,1806.8401184998
2021-12-29,1804.1598875359
2021-12-30,1815.6099241965
2021-12-31,1829.0898448932
2022-01-01,1829.2400733086
2022-01-02,1829.5700601837
2022-01-03,1803.1101125087
2022-01-04,1813.3701229864
2022-01-05,1810.6000129277
2022-01-06,1790.889957692
2022-01-07,1796.6401033427
2022-01-08,1797.0349641905
2022-01-09,1795.4201345955
2022-01-10,1801.4580641279
2022-01-11,1821.3698777843
2022-01-12,1821.4448538445
2022-01-13,1821.4999286883
2022-01-14,1817.5301510077
2022-01-15,1817.5301510077
2022-01-16,1817.7828974623
2022-01-17,1818.403994088
2022-01-18,1814.3900728187
2022-01-19,1839.3879546944
2022-01-20,1838.5955777364
2022-01-21,1834.3299247815
2022-01-22,1834.3699663742
2022-01-23,1836.5999099331
2022-01-24,1842.3198934255
2022-01-25,1848.7500600844
2022-01-26,1820.2400132077
2022-01-27,1797.8100157075
2022-01-28,1791.6699887214
2022-01-29,1791.6699887214
2022-01-30,1790.1301532029
2022-01-31,1797.6600578092
2022-02-01,1800.7301240361
2022-02-02,1798.2800889573
2022-02-03,1805.8599432816
2022-02-04,1807.5400085424
2022-02-05,1808.120122822
2022-02-06,1809.7100717785
2022-02-07,1821.3549496596
2022-02-08,1820.5700751076
2022-02-09,1833.5150041117
2022-02-10,1826.5600832327
2022-02-11,1858.7598985935
2022-02-12,1858.5001197803
2022-02-13,1859.5400167433
2022-02-14,1862.6500481029
2022-02-15,1853.7900923818
2022-02-16,1869.3800593603
2022-02-17,1899.8898633846
2022-02-18,1898.109843237
2022-02-19,1898.2298247592
2022-02-20,1904.1300962614
2022-02-21,1910.2200401566
2022-02-22,1899.309980684
2022-02-23,1910.9048268118
2022-02-24,1911.5199469974
2022-02-25,1889.0700297151
2022-02-26,1889.6900964932
2022-02-27,1913.3999030672
2022-02-28,1907.2351346279
2022-03-01,1942.9801390513
2022-03-02,1929.4079785265
2022-03-03,1935.620113648
2022-03-04,1970.0198440099
2022-03-05,1970.8398477802
2022-03-06,1989.2975790248
2022-03-07,1981.9048126793
2022-03-08,2009.3499069872
2022-03-09,1991.1200030106
2022-03-10,1998.1401311659
2022-03-11,1987.7400171224
2022-03-12,1988.1948939974
2022-03-13,1974.5098674156
2022-03-14,1954.1398550536
2022-03-15,1916.8798716304
2022-03-16,1927.279875729
2022-03-17,1942.0100269862
2022-03-18,1944.2898733995
2022-03-19,1920.0801211033
2022-03-20,1918.4298955837
2022-03-21,1936.3948510486
2022-03-22,1920.8601765539
2022-03-23,1946.8259533704
2022-03-24,1958.8600218217
2022-03-25,1958.1998738528
2022-03-26,1957.9000582084
2022-03-27,1958.0200501253
2022-03-28,1922.8251069427
2022-03-29,1917.8599751254
2022-03-30,1932.0998292797
2022-03-31,1936.1901431658
2022-04-01,1925.1249598611
2022-04-02,1924.3499545853
2022-04-03,1923.6299666923
2022-04-04,1932.0998292797
2022-04-05,1921.9001288442
2022-04-06,1920.2198574928
2022-04-07,1932.3600551032
2022-04-08,1947.1201119983
2022-04-09,1947.2998351027
2022-04-10,1945.35989839
2022-04-11,1953.0899054158
2022-04-12,1965.3999205585
2022-04-13,1978.7400214614
2022-04-14,1970.310183962
2022-04-15,1972.3301799061
2022-04-16,1974.3999305011
2022-04-17,1979.8000995839
2022-04-18,1976.6400676802
2022-04-19,1948.8500907482
2022-04-20,1955.2100482155
2022-04-21,1952.1599771675
2022-04-22,1931.5299668182
2022-04-23,1931.6400319261
2022-04-24,1931.8348219409
2022-04-25,1898.7978710678
2022-04-26,1900.3299732966
2022-04-27,1884.7299182027
2022-04-28,1894.0498801824
2022-04-29,1896.960159284
2022-04-30,1896.960159284
2022-05-01,1898.6900747305
2022-05-02,1862.3999332516
2022-05-03,1868.8549712477
2022-05-04,1887.2400491966
2022-05-05,1876.850104991
2022-05-06,1873.8399759399
2022-05-07,1882.9600961213
2022-05-08,1880.6901455786
2022-05-09,1854.5949351383
2022-05-10,1838.3998714591
2022-05-11,1853.3599376975
2022-05-12,1820.7000118163
2022-05-13,1811.4501401066
2022-05-14,1811.3198798153
2022-05-15,1811.6700173504
2022-05-16,1827.4650081569
2022-05-17,1813.9398374202
2022-05-18,1816.8898443307
2022-05-19,1844.0899406922
2022-05-20,1846.6449969032
2022-05-21,1846.6149885307
2022-05-22,1846.3398435892
2022-05-23,1854.3899622613
2022-05-24,1866.6498917063
2022-05-25,1853.2599862451
2022-05-26,1852.1680924039
2022-05-27,1852.8901565952
2022-05-28,1852.8901565952
2022-05-29,1850.019989466
2022-05-30,1852.8499890033
2022-05-31,1837.7650424744
2022-06-01,1846.9198916966
2022-06-02,1869.1798412692
2022-06-03,1851.1600664789
2022-06-04,1850.5999552525
2022-06-05,1852.1001704673
2022-06-06,1839.4498720479
2022-06-07,1851.7218884082
2022-06-08,1854.0299937556
2022-06-09,1846.4898504916
2022-06-10,1871.2200186112
2022-06-11,1871.2200186112
2022-06-12,1875.8650082519
2022-06-13,1820.7199017248
2022-06-14,1809.6599648926
2022-06-15,1833.3499557063
2022-06-16,1851.484983531
2022-06-17,1839.4200970625
2022-06-18,1839.4200970625
2022-06-19,1838.4600323385
2022-06-20,1837.2700518735
2022-06-21,1830.8600245262
2022-06-22,1837.3500561586
2022-06-23,1823.9750947145
2022-06-24,1827.2299285644
2022-06-25,1827.2299285644
2022-06-26,1831.0179196231
2022-06-27,1822.8499712445
2022-06-28,1818.6199402583
2022-06-29,1818.4198658734
2022-06-30,1805.7999404808
2022-07-01,1810.5200266146
2022-07-02,1810.5200266146
2022-07-03,1809.6999191788
2022-07-04,1808.789923159
2022-07-05,1767.7501560923
2022-07-06,1739.6550542372
2022-07-07,1739.879944804
2022-07-08,1742.4301429263
2022-07-09,1741.8999041607
2022-07-10,1743.9650090861
2022-07-11,1733.9400736439
2022-07-12,1726.0601072815
2022-07-13,1732.4489066168
2022-07-14,1711.0179632932
2022-07-15,1707.21996983
2022-07-16,1707.6750601742
2022-07-17,1709.669996078
2022-07-18,1708.4998551192
2022-07-19,1710.4499081916
2022-07-20,1695.5049451097
2022-07-21,1718.1900311302
2022-07-22,1727.659974403
2022-07-23,1727.0399536877
2022-07-24,1724.390048752
2022-07-25,1718.9150964234
2022-07-26,1718.1498824614
2022-07-27,1738.1449821493
2022-07-28,1755.1588506518
2022-07-29,1766.269862367
2022-07-30,1766.269862367
2022-07-31,1762.4800773658
2022-08-01,1771.8498768299
2022-08-02,1757.5801355481
2022-08-03,1764.0999658999
2022-08-04,1792.7399053505
2022-08-05,1774.8799116252
2022-08-06,1775.5599849859
2022-08-07,1774.6301360236
2022-08-08,1789.2198786623
2022-08-09,1793.7898636164
2022-08-10,1791.2101021384
2022-08-11,1787.6401487531
2022-08-12,1801.5998927688
2022-08-13,1802.2850090258
2022-08-14,1800.0400328903
2022-08-15,1779.229945721
2022-08-16,1775.3998466765
2022-08-17,1763.7300209073
2022-08-18,1758.1799321343
2022-08-19,1747.0401209511
2022-08-20,1746.310046871
2022-08-21,1746.5781477574
2022-08-22,1735.2350584115
2022-08-23,1745.6948546342
2022-08-24,1752.3449441957
2022-08-25,1756.5900231308
2022-08-26,1737.954972715
2022-08-27,1738.0398525586
2022-08-28,1734.6998604954
2022-08-29,1737.4899421051
2022-08-30,1723.0999118807
2022-08-31,1708.9199984483
2022-09-01,1696.5200471836
2022-09-02,1712.3399090611
2022-09-03,1712.069904499
2022-09-04,1709.1399334393
2022-09-05,1713.1501404783
2022-09-06,1701.7600793973
2022-09-07,1716.7600069082
2022-09-08,1709.7901386486
2022-09-09,1716.9799010333
2022-09-10,1716.9799010333
2022-09-11,1716.9799010333
2022-09-12,1724.8799267961
2022-09-13,1702.074931466
2022-09-14,1697.8900150993
2022-09-15,1662.520064539
2022-09-16,1675.3949157126
2022-09-17,1674.7400301051
2022-09-18,1678.7100120783
2022-09-19,1675.6349441603
2022-09-20,1665.6001273851
2022-09-21,1670.720112112
2022-09-22,1672.1401387207
2022-09-23,1643.0000721277
2022-09-24,1643.6600825479
2022-09-25,1644.0348824745
2022-09-26,1644.8999793894
2022-09-27,1628.6700654839
2022-09-28,1657.7801362463
2022-09-29,1663.3150867668
2022-09-30,1660.9499537508
2022-10-01,1660.6299998456
2022-10-02,1663.0000287699
2022-10-03,1701.7050574164
2022-10-04,1724.9099769483
2022-10-05,1718.2499624133
2022-10-06,1710.8999898544
2022-10-07,1695.0000042375
2022-10-08,1694.7699061741
2022-10-09,1696.8899739935
2022-10-10,1669.3899982171
2022-10-11,1665.1300291714
2022-10-12,1674.4999775617
2022-10-13,1664.2701176972
2022-10-14,1643.69007106
2022-10-15,1643.8900224424
2022-10-16,1646.6001001133
2022-10-17,1650.6801049634
2022-10-18,1652.8600511825
2022-10-19,1626.9000769361
2022-10-20,1626.0699336905
2022-10-21,1657.8999679528
2022-10-22,1657.6199296307
2022-10-23,1656.9299937136
2022-10-24,1651.6498660842
2022-10-25,1651.6700531408
2022-10-26,1664.9298673267
2022-10-27,1662.8700571811
2022-10-28,1644.5299234554
2022-10-29,1644.3849761753
2022-10-30,1644.2600607751
2022-10-31,1632.4299846699
2022-11-01,1647.0899050848
2022-11-02,1632.2999514391
2022-11-03,1629.5400411394
2022-11-04,1680.5900753425
2022-11-05,1680.5900753425
2022-11-06,1675.7399606838
2022-11-07,1673.7499765675
2022-11-08,1712.5099882145
2022-11-09,1708.2549884889
2022-11-10,1753.499985972
2022-11-11,1770.230145851
2022-11-12,1770.230145851
2022-11-13,1764.2798606572
2022-11-14,1770.3498618507
2022-11-15,1779.4550525669
2022-11-16,1774.5000789653
2022-11-17,1759.5900295998
2022-11-18,1750.814916803
2022-11-19,1750.9599200021
2022-11-20,1750.9099478999
2022-11-21,1746.2716227718
2022-11-22,1746.7550967257
2022-11-23,1743.4915894837
2022-11-24,1755.3717447289
2022-11-25,1755.1480686789
2022-11-26,1754.0997696867
2022-11-27,1754.5974400774
2022-11-28,1741.5701473978
2022-11-29,1749.3398865938
2022-11-30,1753.7801415616
2022-12-01,1776.9548502427
2022-12-02,1797.9050450834
2022-12-03,1797.9050450834
2022-12-04,1798.8251513172
2022-12-05,1769.4101193626
2022-12-06,1772.2100451701
2022-12-07,1787.1398488759
2022-12-08,1789.1065595445
2022-12-09,1797.159948134
2022-12-10,1796.4693628318
2022-12-11,1797.3001316882
2022-12-12,1782.1401400156
2022-12-13,1809.5099883142
2022-12-14,1807.3920164603
2022-12-15,1776.4500984509
2022-12-16,1792.5878999958
2022-12-17,1793.1549180053
2022-12-18,1790.7001064392
2022-12-19,1787.1899940236
2022-12-20,1816.800059155
2022-12-21,1815.0098409834
2022-12-22,1793.6801473688
2022-12-23,1798.4249753751
2022-12-24,1797.6700757682
2022-12-25,1797.6700757682
2022-12-26,1801.7599230576
2022-12-27,1805.7200516364
2022-12-28,1805.9199500699
2022-12-29,1814.969981304
2022-12-30,1824.0699158702
2022-12-31,1824.0699158702
2023-01-01,1824.0699158702
2023-01-02,1829.2798929944
2023-01-03,1836.3999069313
2023-01-04,1854.7999533332
2023-01-05,1832.8650668565
2023-01-06,1865.4868333007
2023-01-07,1866.0100301771
2023-01-08,1869.3601404562
2023-01-09,1870.5000445179
2023-01-10,1877.2500014549
2023-01-11,1876.9899612946
2023-01-12,1898.0201372344
2023-01-13,1919.8600498818
2023-01-14,1920.3149931089
2023-01-15,1920.316468154
2023-01-16,1918.1399260058
2023-01-17,1908.6300616869
2023-01-18,1906.9899955491
2023-01-19,1931.8699032442
2023-01-20,1926.4099828106
2023-01-21,1926.4099828106
2023-01-22,1926.4099828106
2023-01-23,1931.4650529405
2023-01-24,1936.9799693027
2023-01-25,1948.449862001
2023-01-26,1930.3700094627
2023-01-27,1928.4699635018
2023-01-28,1928.4699635018
2023-01-29,1928.2000021596
2023-01-30,1921.9998639224
2023-01-31,1923.6351471994
2023-02-01,1952.9899690529
2023-02-02,1915.089893362
2023-02-03,1864.8999350642
2023-02-04,1865.6949629781
2023-02-05,1865.4099275624
2023-02-06,1868.0000201744
2023-02-07,1872.8401471004
2023-02-08,1875.090121519
2023-02-09,1862.3101025667
2023-02-10,1865.6949629781
2023-02-11,1865.3500777105
2023-02-12,1862.600089144
2023-02-13,1854.3098425654
2023-02-14,1857.5648958872
2023-02-15,1834.7001237689
2023-02-16,1834.3699663742
2023-02-17,1842.3198934255
2023-02-18,1841.9201501828
2023-02-19,1842.5649831212
2023-02-20,1841.8200718605
2023-02-21,1835.749945157
2023-02-22,1825.0699640571
2023-02-23,1823.179983234
2023-02-24,1810.4498805013
2023-02-25,1810.9849639351
2023-02-26,1811.750105308
2023-02-27,1817.1899628603
2023-02-28,1825.6400557112
2023-03-01,1836.1999474847
2023-03-02,1836.3999069313
2023-03-03,1855.4349028086
2023-03-04,1855.1598767506
2023-03-05,1852.3300274182
2023-03-06,1846.2798476524
2023-03-07,1814.0500717729
2023-03-08,1815.2898963506
2023-03-09,1831.2499507852
2023-03-10,1867.2699691452
2023-03-11,1867.3100670234
2023-03-12,1875.9698764261
2023-03-13,1911.0801176384
2023-03-14,1903.5700885941
2023-03-15,1921.1299317807
2023-03-16,1919.5000086378
2023-03-17,1987.7107793357
2023-03-18,1988.1881740579
2023-03-19,1976.492390109
2023-03-20,1976.3673893056
2023-03-21,1942.3034864736
2023-03-22,1969.0919512776
2023-03-23,1991.6859063525
2023-03-24,1978.5477934048
2023-03-25,1979.5814095926
2023-03-26,1976.0342612724
2023-03-27,1957.5784910672
2023-03-28,1972.1734218865
2023-03-29,1963.8579439429
2023-03-30,1979.323589915
2023-03-31,1968.6818159357
2023-04-01,1968.9070203349
2023-04-02,1968.9070203349
2023-04-03,1984.3136040969
2023-04-04,2020.9283295956
2023-04-05,2020.2309972527
2023-04-06,2007.9462464758
2023-04-07,2007.8660159039
2023-04-08,2008.0659995068
2023-04-09,2004.6789206007
2023-04-10,1992.2433995482
2023-04-11,2004.3590801275
2023-04-12,2024.5656749872
2023-04-13,2025.8420463112
2023-04-14,2037.479434192
2023-04-15,2004.1389477549
2023-04-16,2004.2341450548
2023-04-17,2007.6785674491
2023-04-18,2003.6779512473
2023-04-19,2004.0839222167
2023-04-20,2003.6498485641
2023-04-21,1987.895703064
2023-04-22,1983.2636348383
2023-04-23,1983.3781014827
2023-04-24,1983.7298445609
2023-04-25,1981.4433863977
2023-04-26,1999.6824504269
2023-04-27,2000.7050484591
2023-04-28,1983.7133169254
2023-04-29,1988.803038891
2023-04-30,1990.8250835201
2023-05-01,1988.4558208863
2023-05-02,1988.1356019816
2023-05-03,2016.3396096608
2023-05-04,2039.9949163327
2023-05-05,2049.4352473761
2023-05-06,2032.9169919334
2023-05-07,2016.4595527452
2023-05-08,2024.2308530028
2023-05-09,2032.0449423316
2023-05-10,2031.2000451739
2023-05-11,2028.7535236913
2023-05-12,2007.1055550861
2023-05-13,2011.5487034161
2023-05-14,2011.5159286918
2023-05-15,2015.2307106651
2023-05-16,2016.4192990685
2023-05-17,1987.5855407127
2023-05-18,1984.3183291087
2023-05-19,1965.2079583061
2023-05-20,1976.2845849802
2023-05-21,1976.6220951562
2023-05-22,1980.1239121942
2023-05-23,1967.871738843
2023-05-24,1976.5173921671
2023-05-25,1957.3386301526
2023-05-26,1953.2375400536
2023-05-27,1945.8277658336
2023-05-28,1945.5252918288
2023-05-29,1945.4492149237
2023-05-30,1938.6269480778
2023-05-31,1957.1133830153
2023-06-01,1967.756731745
2023-06-02,1979.2836299587
2023-06-03,1948.6636259719
2023-06-04,1948.70881477
2023-06-05,1942.658547649
2023-06-06,1964.0380701283
2023-06-07,1961.709394332
2023-06-08,1945.6827634299
2023-06-09,1964.1082781468
2023-06-10,1960.8169940087
2023-06-11,1960.8896634839
2023-06-12,1964.2957813016
2023-06-13,1965.2454208308
2023-06-14,1944.7273482534
2023-06-15,1934.0429465841
2023-06-16,1964.7782069945
2023-06-17,1956.8334286637
2023-06-18,1957.2934233375
2023-06-19,1956.6684041882
2023-06-20,1952.3471116977
2023-06-21,1935.1949650871
2023-06-22,1930.0458733303
2023-06-23,1918.4574987803
2023-06-24,1920.1225191777
2023-06-25,1920.3076179179
2023-06-26,1931.1659085875
2023-06-27,1923.228562252
2023-06-28,1916.0993735121
2023-06-29,1908.45740533
2023-06-30,1905.4907095895
2023-07-01,1919.3857965451
2023-07-02,1919.3979539602
2023-07-03,1914.7089087193
2023-07-04,1929.7412101253
2023-07-05,1923.8157423149
2023-07-06,1923.9160464603
2023-07-07,1915.8842514698
2023-07-08,1925.8905751345
2023-07-09,1926.0660293956
2023-07-10,1923.0769230769
2023-07-11,1934.6127959546
2023-07-12,1934.1978166001
2023-07-13,1960.6120874088
2023-07-14,1956.4536460372
2023-07-15,1956.0682714772
2023-07-16,1956.2557733999
2023-07-17,1957.1187454399
2023-07-18,1963.9281390838
2023-07-19,1975.6594800736
2023-07-20,1984.8862818951
2023-07-21,1972.4037052787
2023-07-22,1961.7659660285
2023-07-23,1962.0600374675
2023-07-24,1961.3911912352
2023-07-25,1962.4835936372
2023-07-26,1963.803951095
2023-07-27,1977.6415754051
2023-07-28,1950.4971622217
2023-07-29,1959.3501462557
2023-07-30,1959.3501462557
2023-07-31,1956.6783584721
2023-08-01,1961.2061653261
2023-08-02,1947.3699891979
2023-08-03,1937.8293946628
2023-08-04,1936.6701126484
2023-08-05,1942.8548114314
2023-08-06,1942.3774311282
2023-08-07,1942.2616121509
2023-08-08,1932.04010297
2023-08-09,1927.3173919772
2023-08-10,1918.7567684145
2023-08-11,1915.2450441119
2023-08-12,1913.2164995791
2023-08-13,1913.6148337298
2023-08-14,1911.7403030797
2023-08-15,1907.1245596449
2023-08-16,1904.7122008435
2023-08-17,1892.4863371949
2023-08-18,1893.6872609575
2023-08-19,1889.4415925423
2023-08-20,1889.3973257092
2023-08-21,1886.6212330541
2023-08-22,1894.3846460882
2023-08-23,1901.4031214194
2023-08-24,1920.4016558471
2023-08-25,1916.6094718457
2023-08-26,1914.5531117136
2023-08-27,1915.022779196
2023-08-28,1915.566429162
2023-08-29,1922.5404603446
2023-08-30,1936.7462546717
2023-08-31,1946.8130670093
2023-09-01,1942.3781856945
2023-09-02,1940.4563215895
2023-09-03,1939.9097437593
2023-09-04,1943.6682189449
2023-09-05,1935.5088452754
2023-09-06,1925.5505148922
2023-09-07,1919.3231698774
2023-09-08,1925.9328592842
2023-09-09,1919.1250018232
2023-09-10,1919.1051136091
2023-09-11,1920.3500260399
2023-09-12,1922.3298022057
2023-09-13,1909.3173541291
2023-09-14,1912.3493785821
2023-09-15,1923.6477285471
2023-09-16,1923.5877836018
2023-09-17,1923.6669709267
2023-09-18,1926.3227769561
2023-09-19,1932.6580754861
2023-09-20,1929.3822928239
2023-09-21,1924.4832762403
2023-09-22,1922.8173427357
2023-09-23,1925.2587595904
2023-09-24,1925.5768402401
2023-09-25,1924.222575595
2023-09-26,1915.4237003419
2023-09-27,1900.5271682259
2023-09-28,1876.7194268799
2023-09-29,1865.2018614715
2023-09-30,1848.5087894744
2023-10-01,1848.6287334213
2023-10-02,1847.1450526067
2023-10-03,1823.6650817193
2023-10-04,1823.5975714057
2023-10-05,1826.4199684687
2023-10-06,1820.3288132749
2023-10-07,1832.7172654246
2023-10-08,1832.7757113232
2023-10-09,1848.0899620624
2023-10-10,1863.1098657257
2023-10-11,1861.3440169516
2023-10-12,1875.1449721457
2023-10-13,1872.5501192721
2023-10-14,1932.4750696222
2023-10-15,1932.983089684
2023-10-16,1922.5101522955
2023-10-17,1916.1401273275
2023-10-18,1928.4781453286
2023-10-19,1950.4998253327
2023-10-20,1972.9399448918
2023-10-21,1980.9233123177
2023-10-22,1981.1642787363
2023-10-23,1967.5399199093
2023-10-24,1977.2001145985
2023-10-25,1974.5149357246
2023-10-26,1983.7499142028
2023-10-27,1984.6101421914
2023-10-28,2006.6448036027
2023-10-29,2006.5517929142
2023-10-30,2003.299835489
2023-10-31,1996.3566491154
2023-11-01,1980.6600430754
2023-11-02,1985.5874151881
2023-11-03,1984.4100775488
2023-11-04,1992.374386274
2023-11-05,1992.5220646912
2023-11-06,1991.5577865428
2023-11-07,1974.8701720349
2023-11-08,1969.1400312581
2023-11-09,1951.0950228151
2023-11-10,1959.236900738
2023-11-11,1938.2057370502
2023-11-12,1938.2376690289
2023-11-13,1940.335084227
2023-11-14,1945.2758877801
2023-11-15,1963.1901840491
2023-11-16,1956.6301194249
2023-11-17,1984.6101421914
2023-11-18,1980.689466119
2023-11-19,1980.7028048534
2023-11-20,1980.4301811222
2023-11-21,1989.4701324828
2023-11-22,1995.9151600335
2023-11-23,1993.945186048
2023-11-24,1993.1185588637
2023-11-25,2002.6282493144
2023-11-26,2003.1040099739
2023-11-27,2010.0300499492
2023-11-28,2014.5998047853
2023-11-29,2047.9058422043
2023-11-30,2043.5718120331
2023-12-01,2041.5300287631
2023-12-02,2071.7363574607
2023-12-03,2071.7745577797
2023-12-04,2085.5400954468
2023-12-05,2035.1358056299
2023-12-06,2021.7099299114
2023-12-07,2028.6901417223
2023-12-08,2032.7000456341
2023-12-09,2004.4072907509
2023-12-10,2004.4072907509
2023-12-11,2001.3641297909
2023-12-12,1982.9301441471
2023-12-13,1978.7736945783
2023-12-14,2033.0199026549
2023-12-15,2033.0434619965
2023-12-16,2019.8192746506
2023-12-17,2019.7617529431
2023-12-18,2022.0197955738
2023-12-19,2025.5991165147
2023-12-20,2036.2555297064
2023-12-21,2036.1261722233
2023-12-22,2050.0499187155
2023-12-23,2053.0693797842
2023-12-24,2053.1827720719
2023-12-25,2053.7149135643
2023-12-26,2063.3101974361
2023-12-27,2066.6549969548
2023-12-28,2081.8552161299
2023-12-29,2069.1501710566
2023-12-30,2062.7126527825
2023-12-31,2062.6943573758
2024-01-01,2063.1505629513
2024-01-02,2064.6883373602
2024-01-03,2063.2067514727
2024-01-04,2042.9163611655
2024-01-05,2046.7627990218
2024-01-06,2045.5624488737
2024-01-07,2045.502614766
2024-01-08,2043.0248781182
2024-01-09,2034.3164778007
2024-01-10,2031.4690812437
2024-01-11,2029.6688879363
2024-01-12,2033.5900266238
2024-01-13,2049.1173427046
2024-01-14,2049.1207018156
2024-01-15,2050.6300560847
2024-01-16,2051.208838905
2024-01-17,2032.4600123655
2024-01-18,2011.119884063
2024-01-19,2023.407588345
2024-01-20,2029.4262751037
2024-01-21,2029.4559292483
2024-01-22,2029.3949744469
2024-01-23,2021.1362342836
2024-01-24,2026.5757031407
2024-01-25,2016.5429114282
2024-01-26,2022.7257281004
2024-01-27,2018.5121788951
2024-01-28,2018.8369601403
2024-01-29,2022.3367089504
2024-01-30,2030.5681732806
2024-01-31,2034.0760626471
2024-02-01,2044.7623004721
2024-02-02,2039.0997374659
2024-02-03,2039.833459837
2024-02-04,2040.1742961705
2024-02-05,2024.9600627252
2024-02-06,2036.0743509199
2024-02-07,2035.9106129374
2024-02-08,2034.9689056751
2024-02-09,2024.4582903895
2024-02-10,2024.4845206901
2024-02-11,2024.5455907422
2024-02-12,2023.7044598197
2024-02-13,2019.7225911021
2024-02-14,1992.7662584817
2024-02-15,1992.6888247022
2024-02-16,2004.6957994406
2024-02-17,2013.0562804236
2024-02-18,2013.0412866716
2024-02-19,2019.6397851265
2024-02-20,2017.1152226643
2024-02-21,2026.8287264868
2024-02-22,2027.6954815037
2024-02-23,2027.3826409011
2024-02-24,2035.7854436862
2024-02-25,2035.7978770293
2024-02-26,2031.6094044012
2024-02-27,2033.3138135207
2024-02-28,2032.6537697495
2024-02-29,2036.1991410905
2024-03-01,2044.59130971
2024-03-02,2083.1107008772
2024-03-03,2083.0295581894
2024-03-04,2081.5341072893
2024-03-05,2111.4316498959
2024-03-06,2126.2196261553
2024-03-07,2145.9734028056
2024-03-08,2156.469548817
2024-03-09,2178.8386397859
2024-03-10,2178.9549557716
2024-03-11,2179.2208675217
2024-03-12,2181.6103338518
2024-03-13,2158.6392628851
2024-03-14,2174.8789734223
2024-03-15,2162.9862014458
2024-03-16,2155.8089349657
2024-03-17,2155.8270604155
2024-03-18,2151.8713318663
2024-03-19,2160.9842505307
2024-03-20,2158.3336283056
2024-03-21,2205.59594982
2024-03-22,2176.3936591206
2024-03-23,2165.0406129143
2024-03-24,2164.9693667659
2024-03-25,2175.1869464421
2024-03-26,2169.940636934
2024-03-27,2175.882690331
2024-03-28,2189.5387342539
2024-03-29,2233.1442827822
2024-03-30,2233.0270959974
2024-03-31,2233.0704786073
2024-04-01,2256.4663556353
2024-04-02,2248.6240669334
2024-04-03,2283.4110416168
2024-04-04,2300.1920890414
2024-04-05,2273.2030954661
2024-04-06,2328.8764847752
2024-04-07,2329.9182944253
2024-04-08,2326.2370696112
2024-04-09,2341.3566944539
2024-04-10,2349.2818245462
2024-04-11,2340.8299974555
2024-04-12,2391.8993067797
2024-04-13,2343.8789133402
2024-04-14,2343.8915490756
2024-04-15,2356.0600456039
2024-04-16,2374.6178052642
2024-04-17,2383.3862723148
2024-04-18,2369.1427683338
2024-04-19,2411.8260513873
2024-04-20,2391.8935856111
2024-04-21,2391.989132715
2024-04-22,2376.2090151469
2024-04-23,2308.3269200317
2024-04-24,2319.1040837104
2024-04-25,2319.8395227812
2024-04-26,2334.0316756107
2024-04-27,2337.7113992418
2024-04-28,2337.7502006374
2024-04-29,2329.7462230737
2024-04-30,2331.9187913945
2024-05-01,2287.3852533188
2024-05-02,2324.8887947567
2024-05-03,2301.3767986698
2024-05-04,2302.6024934422
2024-05-05,2302.5892385729
2024-05-06,2312.6376163922
2024-05-07,2322.2729664668
2024-05-08,2308.4628015458
2024-05-09,2309.1056579785
2024-05-10,2351.2029459632
2024-05-11,2361.1072743118
2024-05-12,2361.2003776032
2024-05-13,2358.7987675748
2024-05-14,2342.8158021989
2024-05-15,2357.7698892037
2024-05-16,2388.3152155741
2024-05-17,2377.3190450119
2024-05-18,2414.7041963212
2024-05-19,2414.5823388272
2024-05-20,2434.0144760577
2024-05-21,2420.7963839112
2024-05-22,2425.4142668203
2024-05-23,2372.0943030834
2024-05-24,2333.9712076644
2024-05-25,2334.4953673107
2024-05-26,2334.4757479485
2024-05-27,2338.7901204828
2024-05-28,2353.805161424
2024-05-29,2357.459733409
2024-05-30,2335.8067970109
2024-05-31,2346.815711368
2024-06-01,2327.9033435909
2024-06-02,2327.8258525546
2024-06-03,2330.0534723971
2024-06-04,2348.3836544983
2024-06-05,2331.0925317856
2024-06-06,2368.0913893829
2024-06-07,2370.710909822
2024-06-08,2293.7473822608
2024-06-09,2293.8705027522
2024-06-10,2298.5557254954
2024-06-11,2300.8462282343
2024-06-12,2312.9532087253
2024-06-13,2314.0643508899
2024-06-14,2305.990132207
2024-06-15,2332.4996979413
2024-06-16,2332.5775004706
2024-06-17,2324.8887947567
2024-06-18,2323.3229093579
2024-06-19,2329.9003804494
2024-06-20,2336.7395986463
2024-06-21,2359.9410392331
2024-06-22,2321.1517740795
2024-06-23,2320.9998495992
2024-06-24,2321.7941710893
2024-06-25,2325.7588020668
2024-06-26,2314.4022940356
2024-06-27,2298.5847843341
2024-06-28,2320.7143715807
2024-06-29,2326.4145763832
2024-06-30,2326.4806071556
2024-07-01,2326.495762288
2024-07-02,2333.3307666695
2024-07-03,2330.4189114427
2024-07-04,2360.5950588024
2024-07-05,2359.5991324226
2024-07-06,2391.753425529
2024-07-07,2391.7625783392
2024-07-08,2386.0346347243
2024-07-09,2362.5777140407
2024-07-10,2365.0720483723
2024-07-11,2372.1291899511
2024-07-12,2412.1058769754
2024-07-13,2411.119504486
2024-07-14,2411.091018686
2024-07-15,2408.0127104543
2024-07-16,2421.1820501311
2024-07-17,2467.3769586964
2024-07-18,2458.8281520087
2024-07-19,2436.282680905
2024-07-20,2400.0574093732
2024-07-21,2400.244632933
2024-07-22,2409.2774528733
2024-07-23,2397.1324542729
2024-07-24,2409.6611992257
2024-07-25,2397.3732460817
2024-07-26,2364.788488588
2024-07-27,2387.13790997
2024-07-28,2387.0592742624
2024-07-29,2398.575629848
2024-07-30,2381.8353613471
2024-07-31,2408.8688770769
2024-08-01,2445.9565891625
2024-08-02,2445.6257903957
2024-08-03,2442.7707664828
2024-08-04,2442.740334504
2024-08-05,2434.0452834653
2024-08-06,2408.0231478449
2024-08-07,2382.7712296577
2024-08-08,2384.7776779086
2024-08-09,2423.5567779976
2024-08-10,2431.4300261184
2024-08-11,2431.3927820215
2024-08-12,2427.9458509805
2024-08-13,2476.1037418137
2024-08-14,2464.9374965799
2024-08-15,2449.8005249923
2024-08-16,2457.7186374211
2024-08-17,2507.4420881175
2024-08-18,2507.7338511971
2024-08-19,2506.0138066325
2024-08-20,2504.8073515094
2024-08-21,2513.4178813596
2024-08-22,2512.5868035926
2024-08-23,2487.0530237218
2024-08-24,2512.3841696683
2024-08-25,2512.3841696683
2024-08-26,2515.0076795759
2024-08-27,2516.2410780382
2024-08-28,2524.9694226203
2024-08-29,2510.0867837405
2024-08-30,2518.6905730701
2024-08-31,2502.8313279397
2024-09-01,2503.8665959909
2024-09-02,2502.3728750788
2024-09-03,2496.4263656576
2024-09-04,2493.3800758985
2024-09-05,2495.6388710728
2024-09-06,2517.4294226074
2024-09-07,2496.8552108619
2024-09-08,2497.7907041222
2024-09-09,2497.9891187594
2024-09-10,2506.5269962984
2024-09-11,2518.484416374
2024-09-12,2512.0869061489
2024-09-13,2558.1669608132
2024-09-14,2579.972038263
2024-09-15,2579.5913566148
2024-09-16,2581.3872684947
2024-09-17,2583.769688971
2024-09-18,2573.2223279531
2024-09-19,2558.0917045179
2024-09-20,2586.3116867666
2024-09-21,2622.5944907682
2024-09-22,2622.60687123
2024-09-23,2620.2113672106
2024-09-24,2625.4492143606
2024-09-25,2657.8843081434
2024-09-26,2656.8215487357
2024-09-27,2671.8136484791
2024-09-28,2656.8751959445
2024-09-29,2657.0770982805
2024-09-30,2664.9156394305
2024-10-01,2636.5926364186
2024-10-02,2659.4987855399
2024-10-03,2660.805798428
2024-10-04,2656.9514351789
2024-10-05,2653.1574962047
2024-10-06,2653.2490095421
2024-10-07,2650.1881501077
2024-10-08,2643.8212311535
2024-10-09,2623.0086118619
2024-10-10,2606.9419736428
2024-10-11,2633.4979357326
2024-10-12,2657.5254876626
2024-10-13,2657.5050067394
2024-10-14,2646.1662872064
2024-10-15,2648.895053162
2024-10-16,2660.2140514634
2024-10-17,2674.8395497496
2024-10-18,2694.1106740665
2024-10-19,2722.055042675
2024-10-20,2722.0535607591
2024-10-21,2723.7907322476
2024-10-22,2722.6953813012
2024-10-23,2742.5865827728
2024-10-24,2720.172088967
2024-10-25,2732.6137450471
2024-10-26,2742.9499329349
2024-10-27,2742.9627234109
2024-10-28,2732.3822821403
2024-10-29,2740.3626924831
2024-10-30,2766.245607202
2024-10-31,2785.5595478814
2024-11-01,2746.6513513387
2024-11-02,2735.9429304192
2024-11-03,2736.2805628857
2024-11-04,2738.787336176
2024-11-05,2735.6315738936
2024-11-06,2744.3312407808
2024-11-07,2663.2066286148
2024-11-08,2708.2348212917
2024-11-09,2684.4030545285
2024-11-10,2684.4088193567
2024-11-11,2684.415304818
2024-11-12,2622.7753946949
2024-11-13,2598.3305726071
2024-11-14,2572.103123845
2024-11-15,2566.7680540048
2024-11-16,2562.6779779856
2024-11-17,2563.0687930227
2024-11-18,2571.9331112212
2024-11-19,2611.875099088
2024-11-20,2636.3055657419
2024-11-21,2652.3271252965
2024-11-22,2670.8645535142
2024-11-23,2713.2896656495
2024-11-24,2714.0650995655
2024-11-25,2718.5186030947
2024-11-26,2611.0444569484
2024-11-27,2632.1587149591
2024-11-28,2636.7671336469
2024-11-29,2637.9085394903
2024-11-30,2650.3742858566
2024-12-01,2650.2338036262
2024-12-02,2645.7903227044
2024-12-03,2641.9164884914
2024-12-04,2643.1217382226
2024-12-05,2649.1553962766
2024-12-06,2632.2217636307
2024-12-07,2633.1123888728
2024-12-08,2633.1179355091
2024-12-09,2635.9893737996
2024-12-10,2659.1006389819
2024-12-11,2694.8345142547
2024-12-12,2720.333404062
2024-12-13,2679.8414820167
2024-12-14,2648.5526851424
2024-12-15,2647.8128271704
2024-12-16,2651.0249127415
2024-12-17,2652.6592112795
2024-12-18,2647.4448054088
2024-12-19,2589.8617272824
2024-12-20,2593.66435234
2024-12-21,2622.9700834524
2024-12-22,2623.4139167386
2024-12-23,2624.8696424114
2024-12-24,2615.7488483512
2024-12-25,2616.2812753534
2024-12-26,2618.9878188258
2024-12-27,2632.9785833522
2024-12-28,2620.604133112
2024-12-29,2621.6216145362
2024-12-30,2624.623005713
2024-12-31,2605.3899786801
2025-01-01,2624.3970775764
2025-01-02,2625.5477877266
2025-01-03,2660.8447383791
2025-01-04,2639.6806831071
2025-01-05,2640.1218257815
2025-01-06,2640.9710745002
2025-01-07,2634.5823712717
2025-01-08,2649.4600135546
2025-01-09,2661.9922083488
2025-01-10,2669.9688841826
2025-01-11,2689.3055997797
2025-01-12,2689.348271408
2025-01-13,2692.3154586023
2025-01-14,2667.6383984139
2025-01-15,2674.9361425869
2025-01-16,2694.4576622562
2025-01-17,2715.1579393798
2025-01-18,2702.782325209
2025-01-19,2702.6033637683
2025-01-20,2694.1716445978
2025-01-21,2710.2408347108
2025-01-22,2744.7138869074
2025-01-23,2754.1214049765
2025-01-24,2755.1427494561
2025-01-25,2770.8698453162
2025-01-26,2771.0180332312
2025-01-27,2767.0539066374
2025-01-28,2742.2233288617
2025-01-29,2762.5476988392
2025-01-30,2759.8837647354
2025-01-31,2797.2951275035
2025-02-01,2799.1484990266
2025-02-02,2799.1007049255
2025-02-03,2794.818406674
2025-02-04,2813.8830235061
2025-02-05,2841.5306757444
2025-02-06,2869.2667388
2025-02-07,2858.7257744431
2025-02-08,2861.110809105
2025-02-09,2860.6843844108
2025-02-10,2868.1425937244
2025-02-11,2916.8822728813
2025-02-12,2896.0752099148
2025-02-13,2906.6666434133
2025-02-14,2929.1085433895
2025-02-15,2882.3992630282
2025-02-16,2882.4449589929
2025-02-17,2885.2476422478
2025-02-18,2899.3844027036
2025-02-19,2933.9322467026
2025-02-20,2937.0136856027
2025-02-21,2941.1271634564
2025-02-22,2936.3479055471
2025-02-23,2935.9530646799
2025-02-24,2937.3302957422
2025-02-25,2951.9754915187
2025-02-26,2920.5778071134
2025-02-27,2918.4903583293
2025-02-28,2875.5248551742
2025-03-01,2857.6833675398
2025-03-02,2857.6899006381
2025-03-03,2868.6839826169
2025-03-04,2891.3892981008
2025-03-05,2912.8795591299
2025-03-06,2918.8379172223
2025-03-07,2909.3710550747
2025-03-08,2909.9001787843
2025-03-09,2909.8171994639
2025-03-10,2916.6449133567
2025-03-11,2884.9063718062
2025-03-12,2914.495124924
2025-03-13,2938.1484493628
2025-03-14,2986.1398319699
2025-03-15,2985.7029613695
2025-03-16,2984.9169163301
2025-03-17,2989.9370678046
2025-03-18,3000.9771181497
2025-03-19,3031.3878997302
2025-03-20,3053.1983168328
2025-03-21,3046.8873303722
2025-03-22,3023.1217420195
2025-03-23,3023.7159110048
2025-03-24,3025.5025662313
2025-03-25,3010.3081983637
2025-03-26,3021.1845460368
2025-03-27,3024.2215956035
2025-03-28,3057.077470623
2025-03-29,3085.3341725442
2025-03-30,3085.5740772282
2025-03-31,3085.1380876957
2025-04-01,3123.0003038679
2025-04-02,3113.8795576298
2025-04-03,3159.3001265616
2025-04-04,3114.1850193375
2025-04-05,3037.8322515106
2025-04-06,3038.0048328581
2025-04-07,3001.6247794931
2025-04-08,2983.8018349785
2025-04-09,2979.2850311782
2025-04-10,3083.3582828408
2025-04-11,3186.3583079035
2025-04-12,3237.4256768
2025-04-13,3237.8795644793
2025-04-14,3222.0397831696
2025-04-15,3211.4564211787
2025-04-16,3258.2894957634
2025-04-17,3346.1994702966
2025-04-18,3326.2008499774
2025-04-19,3326.3557477598
2025-04-20,3326.2738714202
2025-04-21,3354.1548083319
2025-04-22,3418.953034526
2025-04-23,3338.6584936307
2025-04-24,3314.4245413251
2025-04-25,3353.4416875055
2025-04-26,3319.1715347849
2025-04-27,3319.2111960977
2025-04-28,3307.7402444817
2025-04-29,3335.5804026646
2025-04-30,3321.5650284376
2025-05-01,3273.577450551
2025-05-02,3239.6460103597
2025-05-03,3240.9584551259
2025-05-04,3240.9153900701
2025-05-05,3247.1275098266
2025-05-06,3332.6990096218
2025-05-07,3397.2122476296
2025-05-08,3374.5705858929
2025-05-09,3319.3500181568
2025-05-10,3325.5990983636
2025-05-11,3325.5570723791
2025-05-12,3287.3379958744
2025-05-13,3237.7768258714
2025-05-14,3248.6528648733
2025-05-15,3182.4441107121
2025-05-16,3240.5719609511
2025-05-17,3200.398385591
2025-05-18,3202.9990320537
2025-05-19,3237.933033069
2025-05-20,3223.201896532
2025-05-21,3291.6706578173
2025-05-22,3322.9932858921
2025-05-23,3294.7040268532
2025-05-24,3357.8760493782
2025-05-25,3357.7542802133
2025-05-26,3345.5076356194
2025-05-27,3345.4427208352
2025-05-28,3310.6191751725
2025-05-29,3261.4903119061
2025-05-30,3317.9215875591
2025-05-31,3289.5321166889
2025-06-01,3289.5321166889
2025-06-02,3312.2245264264
2025-06-03,3384.7075528057
2025-06-04,3356.745514381
2025-06-05,3376.1895581885
2025-06-06,3363.6272818427
2025-06-07,3310.5139606029
2025-06-08,3310.534783789
2025-06-09,3316.4690880207
2025-06-10,3321.4469817347
2025-06-11,3327.4935820968
2025-06-12,3362.6681292031
2025-06-13,3401.6174010418
2025-06-14,3433.0614806382
2025-06-15,3432.9943022594
2025-06-16,3441.3362295619
2025-06-17,3400.0768417366
2025-06-18,3384.9298185576
2025-06-19,3376.704856073
2025-06-20,3367.3287620723
2025-06-21,3368.0750272393
2025-06-22,3368.4403413847
2025-06-23,3369.936459848
2025-06-24,3343.8899940445
2025-06-25,3326.8149938221
2025-06-26,3335.0697930056
2025-06-27,3317.2160861096
2025-06-28,3274.2344921613
2025-06-29,3274.0672591637
2025-06-30,3267.5552674298
2025-07-01,3310.8701827667
2025-07-02,3343.4696187274
2025-07-03,3346.2946479363
2025-07-04,3327.1027788628
2025-07-05,3336.7434851752
2025-07-06,3335.7918118987
2025-07-07,3324.608452551
2025-07-08,3336.2447629298
2025-07-09,3304.6184024946
2025-07-10,3318.9412975534
2025-07-11,3326.5316848816
2025-07-12,3355.6033542611
2025-07-13,3355.5132760883
2025-07-14,3367.4285473755
2025-07-15,3346.6115725159
2025-07-16,3329.6540655909
2025-07-17,3344.697500541
2025-07-18,3340.2030175394
2025-07-19,3350.0736513692
2025-07-20,3350.1522141659
2025-07-21,3350.3014936314
2025-07-22,3392.2476286493
2025-07-23,3432.7786420752
2025-07-24,3390.237336955
2025-07-25,3370.0534355673
2025-07-26,3336.8459198049
2025-07-27,3337.1142838169
2025-07-28,3333.5800182547
2025-07-29,3311.3076188221
2025-07-30,3329.0178165705
2025-07-31,3284.6461187965
2025-08-01,3287.7465357837
2025-08-02,3362.9813771543
2025-08-03,3362.8829861325
2025-08-04,3356.9032701609
2025-08-05,3376.7185386913
2025-08-06,3382.480779053
2025-08-07,3369.0384023211
2025-08-08,3400.5323873506
2025-08-09,3398.1900560124
2025-08-10,3398.3159305575
2025-08-11,3387.7599555255
2025-08-12,3350.6696983526
2025-08-13,3347.5783952646
2025-08-14,3367.8266135089
2025-08-15,3333.7389382375
2025-08-16,3335.6404846686
2025-08-17,3335.6315834944
2025-08-18,3333.5944648998
2025-08-19,3337.6578253223
2025-08-20,3314.9167607827
2025-08-21,3344.4704198314
2025-08-22,3337.2145138129
2025-08-23,3372.0034691172
2025-08-24,3371.859071127
2025-08-25,3364.9436136399
2025-08-26,3365.090817071
2025-08-27,3391.7103208049
2025-08-28,3395.0588991793
2025-08-29,3417.3722116379
2025-08-30,3448.0023998097
2025-08-31,3448.1866848271
2025-09-01,3443.6898172158
2025-09-02,3481.2674737869
2025-09-03,3530.2756439223
2025-09-04,3556.4849836313
2025-09-05,3551.9347921603
2025-09-06,3586.772270807
2025-09-07,3586.6783592381
2025-09-08,3588.742974587
2025-09-09,3636.915124948
2025-09-10,3631.1005212082
2025-09-11,3645.3045743104
2025-09-12,3633.046334783
2025-09-13,3643.187658046
2025-09-14,3643.2288042413
2025-09-15,3640.7908380227
2025-09-16,3678.4626380389
2025-09-17,3694.8688617144
2025-09-18,3663.7162759496
2025-09-19,3638.7546289507
2025-09-20,3685.2324994758
2025-09-21,3685.2583034397
2025-09-22,3690.027368933
2025-09-23,3746.9111401289
2025-09-24,3759.108790488
2025-09-25,3747.8829146386
2025-09-26,3745.3758653223
2025-09-27,3759.8324317882
2025-09-28,3759.7264122284
2025-09-29,3774.154589372
2025-09-30,3836.5109235057
2025-10-01,3865.0464907117
2025-10-02,3858.6826920331
2025-10-03,3860.5447691935
2025-10-04,3886.4835873798
2025-10-05,3886.7962809578
2025-10-06,3904.3054728602
2025-10-07,3971.681907996
2025-10-08,3996.8137400864
2025-10-09,4018.1604780968
2025-10-10,3989.0317582774
2025-10-11,4017.3646569934
2025-10-12,4017.1645406493
2025-10-13,4032.6369372606
2025-10-14,4124.2147495117
2025-10-15,4169.308966224
2025-10-16,4213.6577287963
2025-10-17,4360.4106111464
2025-10-18,4252.018858554
2025-10-19,4250.7355897938
2025-10-20,4228.1778456165
2025-10-21,4359.1485013683
2025-10-22,4010.8951957096
2025-10-23,4088.8039144573
2025-10-24,4130.6286527666
2025-10-25,4113.311870072
2025-10-26,4113.3270975295
2025-10-27,4069.7672052461
2025-10-28,3989.0794959718
2025-10-29,3964.5207112509
2025-10-30,3957.8912039034
2025-10-31,4030.3095398636
2025-11-01,4002.7282595817
2025-11-02,4002.8163816061
2025-11-03,3978.7677040242
2025-11-04,3996.5901093187
2025-11-05,3936.5475769172
2025-11-06,3974.9214257407
2025-11-07,3985.0385711883
2025-11-08,4001.0658839515
2025-11-09,4001.112309222
2025-11-10,4014.3923996312
2025-11-11,4119.3405924353
2025-11-12,4143.6881891212
2025-11-13,4187.7432293614
2025-11-14,4184.8410827523
2025-11-15,4082.0091975831
2025-11-16,4082.9391936032
2025-11-17,4085.7868142671
2025-11-18,4038.0953919274
2025-11-19,4073.9619646763
2025-11-20,4104.9858336939
2025-11-21,4079.6294717329
2025-11-22,4064.9216770891
2025-11-23,4065.1414526946
2025-11-24,4056.4281608601
2025-11-25,4127.8817774659
2025-11-26,4141.0148053702
2025-11-27,4157.9073418665
2025-11-28,4178.3329203748
2025-11-29,4216.8631514052
2025-11-30,4222.7696808515
2025-12-01,4230.2580203577
2025-12-02,4202.909758484
2025-12-03,4216.5804375967
2025-12-04,4212.299915754
2025-12-05,4196.7257145975
2025-12-06,4197.722819325
2025-12-07,4197.7457265899
2025-12-08,4204.9191667364
2025-12-09,4196.4474554421
2025-12-10,4214.2668102889
2025-12-11,4242.5625756767
2025-12-12,4274.3646263842
2025-12-13,4299.9249233108
2025-12-14,4299.6272653124
2025-12-15,4310.859529349
2025-12-16,4304.7245643511
2025-12-17,4317.7874275529
2025-12-18,4330.1646631716
2025-12-19,4326.150193552
2025-12-20,4338.8691518552
2025-12-21,4338.9293952053
2025-12-22,4365.8037073532
2025-12-23,4484.216454922
2025-12-24,4512.7596021371
2025-12-25,4479.5883079161
2025-12-26,4514.8255584275
2025-12-27,4533.6998980824
2025-12-28,4533.6012389425
2025-12-29,4513.2239718989
2025-12-30,4333.7001088192
2025-12-31,4354.1471727869
2026-01-01,4318.5500727244
2026-01-02,4350.4817723515
2026-01-03,4331.9072694602
2026-01-04,4331.9091460031
2026-01-05,4402.6970922387
2026-01-06,4440.5328284151
2026-01-07,4472.22791189
2026-01-08,4457.8178981389
2026-01-09,4458.8554653083
2026-01-10,4509.5950654207
2026-01-11,4509.6052336675
2026-01-12,4581.5362257488
2026-01-13,4594.6655014595
2026-01-14,4615.7993272011
2026-01-15,4613.9699012287
2026-01-16,4602.7821977272
2026-01-17,4596.4944375523
2026-01-18,4596.380350474
2026-01-19,4666.4775187779
2026-01-20,4670.5379198638
2026-01-21,4803.1662471901
2026-01-22,4785.5132941559
2026-01-23,4947.051705595
2026-01-24,4985.7830396624
2026-01-25,4985.5816977302
2026-01-26,5057.8056608984
2026-01-27,5063.6423893708
2026-01-28,5185.9258122197
2026-01-29,5477.7892080979
2026-01-30,5335.0775480197
2026-01-31,4890.3533867164
2026-02-01,4892.3320034344
2026-02-02,4636.466270867
2026-02-03,4822.6704090589
2026-02-04,5040.9044189072
2026-02-05,4979.8787997098
2026-02-06,4758.2477086658
2026-02-07,4954.1714371209
2026-02-08,4953.0083334365
2026-02-09,4967.8949787002
2026-02-10,5032.3783221245
2026-02-11,5044.9479638842
2026-02-12,5049.887841991
2026-02-13,4952.2945466323
2026-02-14,5042.3303634007
2026-02-15,5042.4396936819
2026-02-16,5021.6231091078
2026-02-17,4946.8755039629
2026-02-18,4888.2473335833
2026-02-19,4963.8384369866
2026-02-20,5013.6471475356
2026-02-21,5107.1766557084
2026-02-22,5107.0305936668
2026-02-23,5148.0767042837
2026-02-24,5189.5563292607
2026-02-25,5170.1763547155
2026-02-26,5189.7556299767
2026-02-27,5177.3072410855
2026-02-28,5278.7886658073
2026-03-01,5277.7829089556
2026-03-02,5336.1394311889
2026-03-03,5363.1352030295
2026-03-04,5160.7256393107
2026-03-05,5180.9981711076
2026-03-06,5082.6799548251
2026-03-07,5171.9197855929
2026-03-08,5171.8743131104
2026-03-09,5064.4450634322
2026-03-10,5144.0884906679
2026-03-11,5217.4938394441
2026-03-12,5156.228569425
2026-03-13,5119.1586560366
2026-03-14,5018.78783225
2026-03-15,5019.5864262352
2026-03-16,4999.7450130043
2026-03-17,5010.7078827454
2026-03-18,5011.9987249475
2026-03-19,4838.9102580542
2026-03-20,4656.534048577
2026-03-21,4492.6172820205
2026-03-22,4493.778139477
2026-03-23,4410.4701031874
2026-03-24,4347.8979217918
2026-03-25,4572.9713613096
2026-03-26,4538.6280362854
2026-03-27,4397.05204043
2026-03-28,4493.8690145035
2026-03-29,4493.856897621
2026-03-30,4425.95575195
2026-03-31,4518.495557867
2026-04-01,4697.8859982796
2026-04-02,4791.9916235986
2026-04-03,4676.7172438048
2026-04-04,4676.7456771671
2026-04-05,4676.642881261
2026-04-06,4624.7372571146
2026-04-07,4659.8691601937
2026-04-08,4840.0976925318
2026-04-09,4700.0741671704
2026-04-10,4752.9262578738
2026-04-11,4749.1273478498
2026-04-12,4749.04615408
2026-04-13,4670.6099069241
2026-04-14,4757.8854815028
2026-04-15,4832.4750052312
2026-04-16,4830.3065022688
2026-04-17,4789.8042311215
2026-04-18,4830.4581641264
2026-04-19,4831.1746034813
2026-04-20,4751.3680376422
2026-04-21,4829.3827372748
2026-04-22,4745.1633736024
2026-04-23,4706.3430208698
2026-04-24,4696.3901197345
2026-04-25,4709.4526721199
2026-04-26,4709.3506511855
2026-04-27,4679.0280348644
2026-04-28,4699.5175475286
2026-04-29,4609.5460933866
2026-04-30,4560.7080408019
2026-05-01,4622.7746540662
2026-05-02,4614.3531299849
2026-05-03,4614.4744990296
2026-05-04,4611.5293768256
2026-05-05,4527.5747412038
2026-05-06,4590.0658123636
2026-05-07,4698.5879333684
2026-05-08,4704.144586588
2026-05-09,4715.2840746467
2026-05-10,4715.0328449188
2026-05-11,4681.7356130265
2026-05-12,4767.1554431142
2026-05-13,4722.3405430881
2026-05-14,4696.4805514044
2026-05-15,4648.0669619119
2026-05-16,4540.154946408
2026-05-17,4540.4188082309
2026-05-18,4526.9721527835
2026-05-19,4580.5645729059
2026-05-20,4488.0442987924
2026-05-21,4544.3577027545
2026-05-22,4532.5080542668
2026-05-23,4509.5767626921
2026-05-24,4509.5991327139
2026-05-25,4572.6556108999
2026-05-26,4551.5929892724
2026-05-27,4521.7564310681
2026-05-28,4447.6150998312
2026-05-29,4497.316900737
2026-05-30,4539.7839426026
2026-05-31,4539.2481552496
2026-06-01,4540.5342574229
2026-06-02,4480.3329066563
2026-06-03,4475.6286356091
2026-06-04,4455.3570990992
2026-06-05,4455.8037735311
2026-06-06,4328.7401072056
2026-06-07,4328.9987069281
2026-06-08,4344.0241214971
2026-06-09,4319.5312790219
2026-06-10,4218.7577783347
2026-06-11,4048.2715904445
2026-06-12,4217.106777987
2026-06-13,4219.1048662734
2026-06-14,4216.496875365
2026-06-15,4299.8916427306
2026-06-16,4315.1323925769
2026-06-17,4338.5378433302
2026-06-18,4296.444348586
2026-06-19,4193.2343003211
2026-06-20,4155.6835413738
2026-06-21,4155.6006484399
2026-06-22,4155.9892376503
2026-06-23,4184.0986677411
2026-06-24,4108.4684985232
2026-06-25,4009.9945103175
2026-06-26,4016.1529672342
2026-06-27,4089.0045441107
2026-06-28,4089.2888031592
2026-06-29,4059.6311094403
2026-06-30,4012.1761521867
2026-07-01,4008.933507428
2026-07-02,4042.6254426675
2026-07-03,4130.3744432255
2026-07-04,4175.3496542184
2026-07-05,4175.1613804253
2026-07-06,4176.3854636728
2026-07-07,4154.264456321
2026-07-08,4103.1297032124
2026-07-09,4084.6936724827
2026-07-10,4121.9231904345
2026-07-11,4119.7784383156
2026-07-12,4116.5629498631
2026-07-13,4086.7619563329
2026-07-14,3994.0823675642
2026-07-15,4052.5502293338
2026-07-16,4055.8441063313
2026-07-17,3984.5447478321
2026-07-18,4017.9941851588
2026-07-19,4016.6110968521
2026-07-20,3995.1626570548
2026-07-21,4011.3199448845
2026-07-22,4091.1541882373
2026-07-23,4126.9414164158
2026-07-24,4043.7893865086
2026-07-25,4052.6586251112
2026-07-26,4052.7193949776
2026-07-27,4115.3262568927
2026-07-28,4066.4539911229
2026-07-29,4021.2644463925
2026-07-30,4081.7026251062
2026-07-31,4101.4030899971
2026-08-01,4042.8722343216
2026-08-02,4042.9670364769
2026-08-03,4071.1075936742
2026-08-04,4064.9084582615
2026-08-05,4072.9597424586
2026-08-06,4265.8094096077
2026-08-07,4244.7109839962
2026-08-08,4341.9267299864
2026-08-09,4341.9323856921
2026-08-10,4343.8524063205
2026-08-11,4405.3368012145
2026-08-12,4375.7797092469
2026-08-13,4420.6984173016
2026-08-14,4352.8053177352
2026-08-15,4376.2910058467
2026-08-16,4376.5016871414
2026-08-17,4378.3795617242
2026-08-18,4420.1825535395
2026-08-19,4341.8343555459
2026-08-20,4514.0837154881
2026-08-21,4520.0089496177
2026-08-22,4603.3563992178
2026-08-23,4603.5259325823
2026-08-24,4638.1092098471
2026-08-25,4683.7222852443
